Villanova,
game,
Hamilton,
discusses,
new,
deal,
Rangers,
MLB,
Noose,
ready,
Prozacs,
ready,
whiskey,
served,
Yeahhhhhh,
Miami,
Dolphins,
football,
time,
GoDolphins,
FML,
Most,
golfers,
prepare,
disaster,
good,
golfer,
prepares,
success,
golf,
Corvallis,
Beaver,
game,
JuniorU.S.OpenUnderWay,
11th,
JuniorU.S.OpenWaterSkiChampionships,
two-round,
world,
record,
capabili,
CheckOut,
riders,
nationalities,
teaming,
win,
races,
LIVESTRONG,
race,
kilometer,
contest,
Probe,
Track,
didn,
cause,
Olympic,
accident,
NBCOlympics,
OakleyShaunWhiteDid,
Dew,
Again,
WinsDewTourVert,
LasVegas,
row,
beloved,
ASUSunDevils,
beat,
Wildcats,
meltdown,
begins,
Yankees,
MLB,
ACC,
teams,
selected,
NCAA,
regional,
hosts,
DENNISWASZAKJr.,
APSportsWriterFiveAtlant,
U.S.,
women,
soccer,
team,
helps,
believe,
miracles,
all,
over,
again,
GregCote,
EVERYBODY,
check,
out,
pregame,
football,
prayer,
will,
pump,
Woot,
woot,
GoGators,
Halftime,
Gators,
take,
lead,
locker,
room,
Tebow,
over,
300,
yards,
passing,
already,
Great,
day,
Football,
SOCCERPLAYOFFSARETODAY,
JusticeSamAlito,
stands,
Cubs-Brewers,
game,
Chicago,
wearing,
Cubs,
hat,
USC,
home,
years,
Now,
also,
Gators,
Noles,
Noles,
Miami,
will,
good,
game,
Atlanta,
falcons,
rule,
day,
admits,
hopes,
Phillies,
win,
Fun,
fact,
Phillies,
last,
team,
integrate,
1957,
Splitting,
wood,
today,
after,
sons,
football,
game,
AlAngels,
fundraiser,
tonight!Go,
TampaBayD-ray,
fan,
exaggerated,
Daytona,
style,
spoilers,
Final,
UNLV,
Illinois,
Rebels,
now,
11-2,
might,
sneak,
back,
into,
polls,
Monday,
host,
Louisiana-Monroe,
Michigan,
football,
stadium,
cleared,
due,
lightning,
game,
ended,
Crazy_Golfer,
ReallyFunnyGolfCartoon,
Golf,
via,
Rangers,
forward,
Boogaard,
dead,
NHL,
NBCSports,
NewPragueVs.MarshallBantam,
hockey,
Great,
game,
Listen,
SWBYankees,
take,
Charlotte,
KnightsStadium,
Game,
time,
7:15,
Browns,
will,
face,
Seahawks,
without,
Fujita,
Phillies,
won,
atl,
lost,
The,
flyers,
won,
pre,
seas,
game,
VICK,
eagles,
starter,
all,
good,
Philly,
sports,
nite,
all,
Sports,
Times,
U.S.Open,
AfterStormExits,
PathsLeadBack,
Tennis,
already,
canceled,
season,
tickets,
TMS,
Dega,
Bristol-no,
point,
season,
doesn,
count,
NASCAR,
going,
pick,
winner,
GGS,
will,
Vancouver,
2010,
Olympics,
will,
girlgetstrong,
WTF,
Amarillo,
1440,
KPURAM,
out,
driving,
broadcasting,
RoseBowl,
cut,
off,
abruptly,
5pm,
Fat,
JackSportsShow,
Y.E.Yang,
pulls,
out,
DubaiWorldChampionship,
neck,
injury,
TNA,
wrestling,
officially,
pulled,
off,
show,
worse,
than,
WCW,
last,
night,
Terrible,
NBABasketballBetting,
NewOrleansHornets,
vs.,
SanAntonioSpurs,
BodogBeat,
ShowbeastSliggitaSlamTour,
Hockey,
cool,
think,
really,
cool,
USTeam,
beat,
CanadianTeamYesterday,
subzero,
loves,
hockey,
LOL,
DISAGREE,
LSU,
wants,
14-0,
SEC,
champ,
game,
national,
champ,
game,
only,
way,
perfectseason,
SuperBowl,
winner,
DrewBrees,
speaks,
Nat,
WWII,
Museum,
its,
mission,
importance,
Fucking,
pittsburgh,
decide,
lose,
home,
against,
NotreDame,
BradentonMotorsportsParkPresentsStuntWars,
Bradenton,
FLMotorcycle,
stunts,
bike,
show,
All,
bikers,
welcome,
WinnerChrisLytle,
MattBrown,
UFC,
116,
Lesnar,
Carwin,
MGMGrand,
Vegas,
UFC,
116,
ACC,
takes,
UConn,
winners,
last,
NCAAChampionships,
FinalFour,
berths,
among,
teams,
Most,
soccer,
players,
run,
miles,
game,
SafetyCar,
lap,
time,
racing,
Good,
luck,
all,
drivers,
tonight,
Daytona,
CokeZero,
400,
NASCAR,
Huge,
huge,
canucks,
redwings,
game,
tonight,
WesternConferenceFinal,
preview,
Two,
hot,
teams,
head,
head,
vancouver,
nhl,
world,
game,
worldcup,
GoUSA,
GOOOOOOAAAAAAAALLLLLLLLLL,
1-0,
RedWings,
RedWings,
Olazabal,
wants,
captain,
Europe,
RyderCup,
Congratulations,
SamGawith,
who,
won,
BMXChromeJawbones,
CycleSurgery,
London,
AmazinAvenue,
YankeesToSignPedroFeliciano,
Golf,
get,
out,
bunker,
golf,
course,
few,
tips,
help,
back,
green,
5-2,
Tampa,
over,
Canes,
empty,
netter,
Rangers,
playoffs,
Sabres,
Playing,
mobile,
golf,
OaklandRaiders,
cut,
quarterback,
JeffGarcia,
way,
Thats,
even,
real,
hockey,
flow,
guys,
NHL,
BEST,
hair,
ever,
KrisLetangJordanStaal,
JonathanToews,
Belfort,
DosSantosWinTopFightsAtUFC,
103,
BostonCelebratesItsBruins,
MassiveParade,
miss,
PitStop,
NASCAR,
Edina,
son,
Bantam,
hockey,
game,
Turns,
out,
Edina,
high,
school,
playing,
Minnetonka,
same,
location,
Great,
hockey,
rivalry,
FirstLadyMichelleObama,
backs,
USAHockey,
NHL,
PublicServiceAnnouncement,
via,
tap,
Lawn,
perfection,
long,
walk,
around,
lake,
round,
pga,
championship,
hit,
bucket,
balls,
prepare,
work,
Monday,
greatday,
New,
NFL,
every,
purchase,
TimTebow,
jersey,
NFL,
will,
throw,
free,
defibrillator,
Trust,
SCUBA,
divers,
pass,
gas,
depths,
feet,
below,
chilli,
before,
diving,
Flyers,
defenseman,
Pronger,
ice,
six,
Blackhawks,
goals,
its,
GREAT,
AUBURN,
TIGERS,
fan,
BCS,
SEC,
NationalChampions,
WDE,
WarDAMNEagle,
NEWYORKMETSMLBJACKETMOONLIGHTGRAHAMXL,
mets,
Al.,
talking,
AmericanLeagueBaseball,
RedSox,
will,
home,
field,
advantage,
again,
great,
day,
college,
football,
GoFlorida,
Oklahoma,
USF,
win,
Panthers,
home,
opener,
against,
defending,
SuperBowl,
champions,
like,
chances,
against,
Packers,
Wrestling,
home,
business,
ValleyNews,
Spectators,
AthletesHelpReviveMarathonRunner,
BostonNewsStory,
WCVBBoston,
dallas,
mavericks,
better,
than,
dallas,
cowboys,
DENVERBRONCOSNFLSTARTERJACKETNEWLARGE,
broncos,
RenoAces,
defeat,
LasVegasRenoGazette-Journal,
SethEtherton,
continued,
mound,
dominance,
Satu,
Nationwide,
Patrick,
good,
NASCAR,
now,
job,
really,
begins,
NASCAR,
see,
Miami,
Heat,
game,
last,
night,
Find,
out,
DwayneWade,
wearing,
sports,
goggles,
BradChildress,
dissolutionment,
MinnesotaVikings,
fuck,
JimmyJohnson,
ass,
clown,
ChadKnaus,
nascar,
nascar,
follow,
leader,
Talladega,
took,
nap,
last,
laps,
BORING,
Nascar,
better,
wise,
good,
MinorLeagueHockeyBroadcasts,
RoyalCaribbean,
daughters,
U13WAGS,
soccer,
team,
looking,
players,
Fall,
team,
awesome,
coach,
BestGolfCoursesInTheWorld,
Starting,
hour,
wrestling,
tournament,
Son,
still,
hasn,
wrestled,
Germany,
WladimirKlitschko,
wins,
over,
DavidHaye,
via,
unanimous,
decision,
WBO,
IBF,
heavyweight,
champion,
Wladimi,
Everyone,
wins,
racers,
inspire,
minutes,
before,
NFLDraft,
Who,
Panthers,
take,
thinking,
midget,
Bout,
watch,
VCU,
bros,
get,
win,
Richmond,
VCU,
Best,
Team,
VA.,
Recap,
Kansas,
vs.,
OhioState,
POWERTOTHEPENS,
LETSGOPENS,
Controversy,
S.KoreaDQ,
short,
track,
relay,
China,
gets,
gold,
2010,
OlympicsBlog,
Yahoo,
Sports,
DenzelWashington,
cheers,
son,
1st,
college,
game,
MohaveDailyNews,
BREAKING,
NASCAR,
fans,
will,
able,
watch,
Chase,
races,
online,
great,
news,
NASCAR,
fans,
Check,
out,
www.Facebook.com/hardbodynews,
photos,
female,
winners,
NPCMileHighColorado,
Finchem,
fairly,
content,
state,
golf,
PGA,
Tour,
changes,
inevitable,
details,
follow,
golf,
Congratulations,
BrandonKintztler,
first,
MLB,
win,
Hopefully,
first,
many,
mlb,
brewers,
Gators,
EndJimmer-ManiaThanks,
Part,
TerrificTyus,
NCAA,
Sports,
NBA,
its,
players,
union,
left,
negotiations,
today,
deal,
jeopardizing,
regular,
season,
games,
PictorialMoments,
WintersOlympics,
2010,
OpeningCeremony,
GanpatiNews,
softball,
team,
WON,
both,
make-up,
games,
tonight,
RaceDayPreviewExperienceGatoradeDuelsNASCARHall,
Fame,
2/17,
Bear,
down,
ArizonaWildcats,
CollegeFootballLiveExtra,
August,
Conf,
Rankings,
1SEC,
2BIG12,
3ACC,
4PAC10,
5BIG10,
6MWC,
7BIG,
8WAC,
BYU,
BCS,
ESPNSportsScience,
Dirk,
shot,
unblockable,
espn,
basketball,
sportsscience,
StokeCity,
WolverhamptonWanderers,
LIVE,
Follow,
minute-by-minute,
live,
text,
commentary,
StokeCity,
take,
Nonsensical,
post-match,
run-in,
ShannonMoore,
after,
really,
good,
XDivisionTripleThreat,
match,
BOSTON,
CELTICS,
NBAWARMUPJACKETHWCMENS,
Local,
players,
carry,
torch,
rugby,
Awesome,
video,
Clemson,
Tigers,
run,
through,
straight,
ranked,
opponents,
GOTIGERS,
via,
HopefullyRickie,
least,
shoot,
today,
TGPLB,
HIGPA,
IndyCar,
LongBeach,
Toyota,
SingingNationalAnthemApril,
ToyotaGrandPrix,
LongBeach,
1pm,
BradKeselowski,
repeats,
Bristol,
win,
tweets,
victory,
lane,
Yay,
Texas,
rangers,
Dallas,
stars,
puppy,
bowl,
more,
exciting,
than,
super,
bowl,
its,
commercials,
Bama,
moves,
after,
34-24,
win,
over,
Hokies,
MarkIngram,
rushes,
150,
yards,
RollTide,
Watching,
world,
cup,
pool,
filipinos,
two,
teams,
final,
lol,
TigerWoodsBeat,
12-yr,
old,
TigerWoods,
appeared,
grand,
opening,
new,
golf,
course,
CliffsHigh,
Points,
races,
highlight,
4th,
day,
EliteTrackNats,
sport,
cycling,
Went,
Danny,
baseball,
game,
Watched,
pitch,
first,
time,
well,
FiestaBowl,
04-05,
season,
beat,
Pittsburgh,
35-7,
buying,
tampa,
bay,
rays,
tickets,
UCLABRUINSNEWFOOTBALLJERSEYBLUENCAAM,
ucla,
BicycleThailand,
HuaHinQueenCupTriathlon,
2011,
Nice,
divot,
LegendsGolf/SafariCourse,
Helicptr,
box,
Apprx,
sec,
ball,
land,
golf,
Unmistakably,
American,
hairdo,
USA,
Olympics,
speedskating,
Bedford,
NFL,
Doleman,
eyes,
Hall,
Fame,
tell,
SanDiegoChargers,
ticket,
real,
Way,
off,
future,
now,
ready,
NASCAR,
race,
weekend,
MartinsvilleSpeedway,
coming,
October,
FOLLOW,
once,
hits,
1500,
giving,
away,
some,
golf,
prizes,
plus,
will,
golfing,
hrs,
Make,
WishFoundation,
PrepFootballScores,
09.02.11,
NORTHCAROLINAAlleghanyCounty,
NorthWilkes,
Charlotte,
eagles,
EaglesTrainingCampRookies,
2010,
Modano,
rejuvenated,
homecoming,
nhl,
games,
WorldCup,
2010,
Messi,
come,
Togo,
withdraw,
AfricanCup,
Nations,
national,
hockey,
league,
scores,
NationalTeamDevelopmentProgramWeeklyUpdate,
Whew,
Breathe,
easy,
Chiefs,
fans,
MiamiQBChadHenne,
signed,
JacksonvilleJaguars,
CharityGolfTournaments,
RecordS$,
350000,
RaisedAtCharityGolfEvent,
PlayBall,
begins,
another,
season,
BEST,
sport/game,
ever,
created,
baseball,
mlb,
OpeningDay,
nonprofit,
org,
EQUIPLeadershipSummit,
GolfClassic,
10/19-22,
PebbleBeachFL,
Details,
asking,
all,
pro-life,
advocates,
donate,
get,
shown,
during,
SuperBowl,
TCOT,
MDCons,
prolife,
DenzelWashington,
cheers,
son,
1st,
college,
game,
WKBTLaCrosse,
Yankees,
2009,
WorldSeriesChamps,
DavisCup,
court,
installed,
ahead,
schedule,
Says,
good,
luck,
Cardinals,
Steelers,
SuperBowlXLIII,
Tampa,
today,
GOCards,
baseball,
season,
Whoohoo,
Home,
bears,
game,
Daughter,
enjoyed,
first,
game,
Bears,
win,
barely,
Boring,
fight,
Manny,
wins,
Now,
def,
needs,
Pacquiao,
Mayweather,
excuses,
daughter,
being,
recruited,
HistorySeminar,
teacher,
pole,
vaulting,
gymnast,
pole,
vault,
coaches,
like,
gymnasts,
MinnesotaVikingsFireHeadCoachBradChildress,
PickFiveChampionshipLeaderNascarSprintCup,
krrasnick,
Ohio,
Armstrong,
Thoughts,
LeBron,
comments,
Bosh,
Twitter,
into,
second,
round,
NBAPlayoffs,
whi,
AuburnQBCamNewton,
wins,
2010,
HeismanTrophyAward,
GolfDigestGreenStarAward,
possible,
toughest,
guy,
field,
nicest,
guy,
off,
field,
need,
evidence,
look,
MerlinOlsen,
THINKaha,
Game,
lineup,
vs.,
Columbus,
Golson,
Corona,
Nunez,
Miranda,
Winfree,
Montero,
WeberDH,
Huffman,
Hammock,
Sanit-SP,
Ind.,
Adj.MikeWhelihan,
gave,
ColtsPres.BillPolian,
DAVIndiana,
cap,
indy,
500,
eagles,
PhiladelphiaEagles,
beat,
NewYorkGiants,
SundaySVU,
Snapped,
marathons,
heckyes,
Recomend,
WatchWWEBacklash,
MYNEWNASCARF,
BadCall,
CarlosRuizHomeRunHelpPhilsSweepFish,
UFC,
100,
MakingHistory,
Lesnar,
vs.,
MirBlu-ray,
6.85,
Game,
NorthDakota,
NationalHockeyCenter,
StanfordCardinalWomenSoccer,
StanfordWinsShowdown,
Pac-10Title,
WellDone,
UFC,
107,
Penn,
vs.,
SanchezResults,
VideoTheInquisitr,
Patriots,
Melt,
phones,
thr,
still,
time,
kill,
bill,
Think,
past,
generations,
sacrifices,
CALL,
killbill,
Army-Navy,
football,
rivalry,
heats,
Twitter,
Army-Navy,
football,
rivalry,
began,
heat,
Twitter,
Thurs.,
PHOTOS,
JeredWeaver,
celebrates,
cries,
bit,
after,
pitching,
no-hitter,
MinnesotaVikingsJaredAllen,
slams,
Detroit,
again,
1.2,
billion,
people,
erupt,
celebration,
India,
captures,
2011,
CricketWorldCup,
Mumbai,
defeating,
SriLanka,
You,
always,
control,
offense,
clicking,
defense,
just,
dig,
deeper,
hit,
harder,
SPORTStweet,
THINKaha,
SacMayorKevinJohnson,
NBAStarBobbyJackson,
VSP,
drs,
today,
event,
Today,
1:10,
FloridaMarlins,
vs.,
AtlantaBravesSunLifeStadium,
Miami,
NewRio,
blog,
post,
Rubinho,
WinsEuropeanF1GrandPrix,
all,
sports,
basketball,
attracts,
highest,
type,
player,
KulakTV,
DallasCowboyCheerleaders,
visit,
USSoldiers,
tcot,
tlot,
kulaktv,
NFLFootballOdds,
CincinnatiBengals,
vs.,
WVUArrives,
Miami,
OrangeBowl,
WestVirginiaUniversity,
football,
team,
relocated,
Miami,
wvu,
InsaneFormulaOneCarCrash,
NFLMascotEatsCheerleader,
InterestingVideo,
NOTREDAMEFOOTBALLJERSEYCHAMPIONMENS,
NEW,
notredame,
fightingIrish,
just,
Olympic,
torch,
pillars,
being,
recalled,
Toyota,
olympics,
MikeShanahan,
officially,
off,
worse,
year,
start,
Redskins,
head,
coach,
than,
JimZorn,
Congratulations,
virtual,
WorldSeries,
MattScherer,
blog,
virtual,
WorldSeries,
Posted,
10/21/2011,
Congratulations,
Bob,
Hall,
FameHonors,
ESCS09Spotlights,
Ellsbury,
RedSox,
batter,
Yanks,
pull,
even,
golf,
profanity,
influence,
flight,
ball,
game,
golf,
played,
far,
better,
than,
HoraceHutchinson,
Off,
MinnesotaVikingsNFLDraftParty,
gon,
awesome,
Hey,
Vikes,
don,
screw,
draft,
pick,
ChicagoBlackhawksGreatStanMikita,
Perry,
sponsors,
NASCAR,
driver,
race,
HoustonChronicle,
Texas,
chargers,
pro,
bowl,
mike,
scifres,
vincent,
jackson,
thats,
some,
bull,
shit,
Hmm,
forgot,
use,
hash,
marks,
snowboarding,
article,
try,
again,
snowboarding,
snowboard,
now,
less,
than,
hours,
away,
Louisville,
football,
team,
playing,
least,
share,
BigEast,
tit,
starting,
pitcher,
ALCSChampions,
Tipperary,
Galway,
nhl,
games,
AndyMurray,
first,
British,
man,
reach,
Wimbledon,
final,
since,
1938,
Filed,
under,
Sports,
PubDebatesWas,
any,
real,
Masters,
today,
par,
tournament,
yesterday,
interesting,
just,
clear,
California,
will,
more,
representation,
NHL,
playoffs,
than,
Canada,
sharks,
kings,
ducks,
eagles,
PhiladelphiaEaglesGreenSidelineWoolBlendStructuredAdjustableHat,
AustralianTorahBrightWinsWomen?sHalfpipe,
sports,
ESPNFiresColumnist,
AllegedSocialMediaGrifterSarahPhilips,
WAC,
will,
weaker,
MountainWest,
stronger,
2012,
J.R.,
suffers,
third,
Bell,
palsy,
attack,
SmackDown,
announcer,
WWEHall,
FamerJimRoss,
down,
definitely,
good,
Please,
check,
out,
YogaAwakeningMeditationCollection,
WatchedStewartCink,
sink,
long,
put,
9th,
hole,
TravelersChampionship,
live,
person,
Pro,
golfers,
good,
golf,
TigersArrive,
Orlando,
Prep,
CapitalOneBowl,
ORLANDO,
Fla.,
After,
nine,
pre-bowl,
prac,
cont,
Leave,
find,
Rocky,
quote,
Just,
keep,
punching,
never,
know,
may,
just,
hit,
dreams,
RockyBalboaCommentary,
national,
hockey,
league,
standings,
Facts,
faces,
DirkNowitzski,
officially,
wins,
2011,
NBAFinalsMVP,
REVIEW,
TAPEREVIEW,
TAPEREVIEW,
Patriots,
got,
win,
GOJETS,
CCT,
tailgating,
MichiganState/NotreDame,
game,
Come,
find,
spartans,
fightingirish,
cct,
2010,
SpartanStadium,
HenrikSedin,
plays,
huge,
role,
Canucks,
win,
Canucks,
Predators,
2011,
StanleyCupConferenceSemifinals,
via,
TomLandry,
out,
B-17,
into,
NFL,
WWII,
vet,
rise,
superbowl,
BCSNationalChampionshipGame,
Auburn,
Tigers,
OregonDuc,
NCAA,
Sports,
way,
Alabama/Auburn,
game,
Tuscaloosa,
pouring,
rain,
right,
now,
hoping,
over,
gametime,
RollTide,
Montero,
Nunez,
Noesi,
Laird,
all,
make,
latest,
BaseballAmericaTop,
ProspectList,
Hixon,
highlight,
tip,
drill,
catch,
NYG,
Giants,
Rams,
ATPTennisWolfsburgFreestream,
Heading,
Milwaukee,
Michael,
three,
game,
baseball,
weekend,
graduation,
present,
Maybe,
some,
Chicago,
style,
pizza,
way,
Congrats,
Saints,
Boy,
Peyton,
red-faced,
after,
pick-six,
CoachPayton,
some,
huge,
onions,
onside,
kick,
sun,
coming,
very,
windy,
day,
golf,
course,
open,
ready,
players,
HopingCoastalCarolina,
get,
together,
beat,
SouthCarolina,
still,
early,
DisgustingPennState,
coaches,
asked,
players,
wear,
white,
honor,
Paterno,
guess,
forgot,
RocketsImprovingFromWithinBasketballNewsNBARumors,
HoustonRockets,
Liverpool,
FulhamSoccerFreestream,
Celtics,
starting,
pull,
away,
game,
Celtics,
Nuggets,
Small,
college,
notebook,
Defense,
DiabloValleyCollege,
strength,
SanJoseMercuryNews,
WrestleMania,
held,
NewJersey,
MetLifeStadium,
cheering,
Florida,
best,
team,
SEC,
want,
SEC,
kick,
Oklahoma,
DEREKFISHERLOSANGELESLAKERSNBABASKETBALLJERSEY,
LAKERS,
LAKERFAM,
Steelers,
Eagles,
Steagles,
story,
two,
teams,
saved,
pro,
ball,
WWII,
superbowl,
Golf,
balls,
drop,
Valley,
sky,
Golf,
PGA,
joke,
Alabama,
NickSaban,
ColtMcCoy,
wasn,
injured,
Texas,
shredded,
Bama,
points,
1st,
person,
CycleSurgery,
BishopsSquare,
London,
mention,
behindthetour,
wins,
pair,
LtdEditionBMXChromeSunglasses,
SyracuseBasketball,
OhioStateRecapNCAA,
DarkSide,
ManaseTonga,
adds,
another,
Touchdown,
BYUCOUGARS,
pounding,
OSUBEAVERS,
44-13,
OSU,
MWC,
maacobowl,
lasvegasbowl,
byu,
byufootball,
gocougars,
MoreNHL,
than,
NBA,
LeBron,
excited,
Cleveland,
Like,
see,
Cavs,
whip,
Lakers,
finals,
watch,
SuperBowl,
ads,
don,
forget,
watch,
Census,
paid,
get,
money,
worth,
greg,
monroe,
NBAPre-DraftAnalysis,
GoldenStateWarriors,
LasVegasBlackjacks,
fall,
national,
finals,
game,
LasVegasSun,
USARugbyNationalTitle,
Get,
out,
bed,
Champions,
made,
morning,
other,
people,
sleeping,
THINKaha,
SPORTStweet,
Just,
going,
same,
without,
JohnMadden,
announcing,
NFL,
football,
games,
Open,
gym,
volleyball,
Will,
real,
ChrisCarpenter,
please,
stand,
cubs,
yankees,
mlb,
DetroitLions,
victim,
mentality,
Ready,
hit,
Predators,
third,
Playoff,
win,
tonight,
Austin,
going,
incredible,
game,
Preds,
NHL,
Ms.Nedlo,
won,
Indie,
RunningEvent,
week,
pair,
KarhuRacers,
Outstanding,
SouthKoreanYangYong-Eun,
beats,
TigerWoods,
USPGAChampionship,
thriller,
InjuredBeckhamLikelyOut,
WorldCup,
Congrats,
UConnHuskies,
Great,
win,
TigerWoods,
out,
FedExCup,
finale,
redskins,
will,
keep,
ball,
arrrghhh,
Racquetball,
HourFitness,
others,
sound,
Sharks,
make,
BOO,
Welcome,
BLACKHAWK,
HOCKEY,
friends,
NHL,
eagles,
DeSeanJacksonHighlightsEagles,
Rookie,
award,
draws,
ire,
Westwood,
world,
famous,
little,
league,
Cubs,
mostbhyoed,
team,
league,
history,
Rangers,
IslandersHockey,
tonight,
Always,
great,
hockey,
game,
Rangers,
off,
good,
start,
Islanders,
so-so,
GoIslanders,
Today,
1910,
first,
U.S.,
patent,
tubular,
steel,
shafted,
golf,
club,
issued,
history,
PGA,
CollegeFootballSportsBettingPreview,
FloridaGators,
LSUTigers,
lsu,
via,
TimMcGraw,
awesome,
Nascar,
pre-race,
still,
sexy,
Tiger,
win,
nothing,
good,
golf,
UFC,
137,
predictions,
Diaz,
beats,
Penn,
war,
Mitrione,
over,
Kongo,
Nelson,
kos,
CroCop,
Hioki,
routs,
Roop,
Griffin,
Cerrone,
win,
prelims,
ESP,
defeats,
POR,
quarterfinals,
WorldCup,
thanks,
goal,
DavidVilla,
Panthers,
players,
holding,
own,
workouts,
Think,
will,
help,
Holmgren,
Browns,
check,
McCoy,
sideline,
SeattleTimes,
AlthoughJamesHarrison,
devastating,
illegal,
ArizonaWildcatsBasketball,
PGULiveCoverageThread,
NikeEYBLSession,
DaytonaII,
CarlEdwardsNASCARSprintCupRacePreview,
Golf-Matthews,
proud,
host,
RyderCup,
gladiators,
DonaldMcCain,
keen,
chances,
CloudyLane,
GrandNational,
MyronPryor,
Patriots,
round,
six,
SirRichardBranson,
thrilled,
sponsorship,
Winning,
1st,
race,
Virgin,
logo,
will,
everywhere,
Beavers,
upset,
nations,
top,
team,
last,
night,
CollegeFootballOregonState,
USC,
put,
Oklahoma,
top,
Congratulations,
Ohio,
winning,
NBAChampionship,
Dallas,
also,
way,
Texans,
game,
Texans,
GoRaiders,
Graham,
off,
solid,
start,
Triple-AFresnoColoradoRockies,
USCTrojans,
top,
incoming,
freshmen,
KentuckyDerbyMintJulepCupcakes,
cupcake,
SanJoseSharks,
drop,
puck,
game,
WestFinals,
Will,
2010,
year,
finally,
play,
StanleyCup,
HandH,
racing,
NASCAR,
get,
Hornish,
JimHendry,
signed,
4-year,
extension,
Cubs,
general,
manager,
Good,
see,
brutal,
domination,
red,
team,
blue,
team,
needs,
step,
weak,
ass,
game,
LubomirVisnovsky,
hat,
trick,
powers,
Ducks,
past,
Stars,
least,
one,
football,
teams,
English,
players,
jealous,
indian,
players,
world,
champions,
NASCAR,
MakingChase,
enough,
Earnhardt,
Nunez,
retires,
Damon,
Sox,
need,
four,
sweep,
Yankees,
first,
time,
since,
1964,
Looking,
forward,
watching,
UFC,
tonight,
predict,
ChuckLiddell,
will,
beat,
RashadEvans,
second,
round,
installing,
basketball,
goal,
Enjoyed,
having,
chance,
see,
Washburn,
Men,
Women,
basketball,
teams,
get,
tough,
wins,
over,
EmporiaState,
TurnpikeTussle,
iaintafraidtosay,
TigerWoods,
drum,
snakes,
worms,
goodness,
Sponsor,
pause,
Tiger,
endorsements,
WorldCup,
2010,
SpainWillBeHardToBeatInTheFinal,
LuisAragones,
throwing,
folk,
out,
just,
showing,
Indians,
game,
LBJ,
Heat,
jersey,
kind,
chaos,
will,
happen,
Heat,
visit,
ALLENIVERSONPHILADELPHIA,
ERS,
NBA,
BOYSREEBOKJERSEY,
MotherDayGifts,
LosAngelesDodgersFans,
mothersday,
1st,
season,
AdrianPeterson,
Methinks,
Vikings,
going,
win,
Small,
speedy,
LarryBeavers,
hopes,
small,
college,
stardom,
translates,
NFL,
Panthers,
AwesomeIntroducing,
NebraskaDanger,
IFL,
DebateRages,
PossibleLasVegasHockeyTeamKLASLasVegas,
first,
time,
National,
stop,
typing,
drinking,
same,
time,
means,
typing,
going,
lose,
GOCARDS,
GOODNIGHT,
WatchingWT,
football,
buffs,
FormerMerrillFAAccused,
Pilfering,
2.2,
MillionFromNFLPlayer,
Lions,
win,
81-72,
David,
time,
Cubs,
stop,
Brewers,
going,
playoffs,
Man,
baseball,
season,
almost,
over,
Sigh,
WildCard,
lead,
down,
three,
games,
against,
Phillies,
Playoffs,
less,
than,
certain,
dormant,
offense,
FirstSEALFitnessChallenge,
2009,
Held,
Phoenix,
crowd,
330,
athletes,
flocked,
ArizonaStateUniv.,
NFL,
teams,
firing,
coaches,
late,
date,
WOW,
even,
season,
heads,
rolling,
Good,
luck,
all,
teams,
hockey,
playoffs,
2nite,
Coliseum,
Sect,
4AA,
SemiFinal,
HillMurray,
Moundsview,
WhiteBear,
Stillwater,
England,
Samoa,
MartinJohnson,
team,
really,
reach,
WorldCup,
final,
Telegraph,
Juventus,
cagliari,
4-2,
seriea,
juv,
cag,
Krasic,
goals,
tripletta,
super,
Saturday,
nite,
entertainment,
Arena,
racing,
HamptonColiseum,
Nascar,
very,
lite,
Get,
ready,
ChargerPursuit,
set,
pace,
Nationwide,
SprintCup,
races,
Phoenix,
weekend,
Omelette,
bears,
game,
WashingtonRedskins,
vs.,
MinnesotaVikings,
NFLPicksAndPredictionsWeek,
RaidersVs.Vikings,
Phillies,
using,
spy,
tactics,
ColoradoRockies,
ESPN,
been,
reporting,
winner,
LSU/AR,
going,
CapitalOneBowl,
Loser,
CottonBowl,
Kobe,
lakers,
signed,
basketball,
get,
now,
WVUCoachMikeCareyGetsCareerWinNo.,
500,
WVU,
women,
basketball,
team,
got,
72-30,
win,
over,
Bucknell,
wvu,
play,
real,
live,
golf,
any,
18-hole,
golf,
course,
State,
California,
purse,
enter,
splashie,
media,
huddle,
around,
CoachVogel,
prior,
today,
1pm,
tip,
Game,
2011,
Playoffs,
just,
became,
mayor,
Optimist,
soccer,
field,
openingdrive,
LSU,
going,
pound,
auburn,
cam,
newton,
obviously,
most,
physical,
team,
west,
far,
more,
talent,
than,
auburn,
Federer,
wins,
FrenchOpen,
14th,
GrandSlam,
first,
clay,
tied,
Sampras,
all-time,
Tune,
into,
Wimbledon,
GreenBayPackersTeamLogoAvailable,
ANY,
football,
display,
case,
Shop,
now,
Report,
Redskins,
likely,
introduce,
ShanahanTuesday,
NFL,
Belichick,
gamble,
flops,
Colts,
shock,
Pats,
comeback,
USAToday,
Tomorrow,
plan,
watch,
motorbikes,
race,
TTXGP,
world,
1st,
zero,
carbon,
clean,
emission,
GrandPrix,
will,
report,
back,
Watching,
LakerGame,
last,
Texas,
far,
NBABasketball,
players,
best,
athletes,
world,
BLACKHAWKSALLTHEWAYBABY,
WOOTWOOOTSTANLEYCUP,
REPRESENTCHICITYYYYYY,
eagles,
PhiladelphiaEaglesReebokActiveHoodedJadeSweatshirt,
GOLFMagazineInterview,
LeeWestwood,
All-StarGameBoycottEPICFAIL,
protest,
brings,
whopping,
people,
tcot,
ocra,
azgop,
afir,
Listening,
now,
PackerTransplants,
Knee-JerkReaction,
JerelWorthySelection,
Yeahhh,
put,
Maia,
prelims,
ALWAYS,
exciting,
UFC,
MMA,
NCAAFootball,
OnlineDynastyHighlights,
ConnecticutSeason,
GolfDigest,
FavoriteGolfMovieScenes,
Golfs,
finest,
moments,
silver,
screen,
through,
years,
BiggestBrawlsInSportsHistory,
SWBYankees,
Syracuse,
taking,
Chiefs,
5pm,
Listen,
Game,
1280,
1340,
1400,
1590,
Rabbi,
TebowWins,
SuperBowl,
MosquesAcrossAmericaAreGoing,
Burn,
RefreshingPepsiSuperBowlAlternative-More,
After,
years,
head,
coach,
UtahJazz,
JerrySloan,
will,
announce,
resignation,
today,
2011,
St.JudeClassic,
Round,
highlights,
TimTebow,
seems,
improved,
throwing,
form,
Ehhhhxcellent,
gators,
nfl,
h/t,
watching,
hughes,
pierre,
UFC,
great,
match,
USATodayWoods,
ready,
RyderCup,
challenge,
RyderCup,
getting,
personal,
TigerWoods,
MajorLeagueBaseball,
average,
salary,
2.7,
per,
cent,
nearly,
US$,
3.1,
million,
CarolinaXmas,
CharlotteMotorSpeedway,
NASCAR,
souvenir,
rigs,
Christmas,
shopping,
themed,
areas,
kids,
Enjoying,
pacers,
game,
ConsecoFieldhouse,
Carter,
Ryal,
powers,
Reno,
over,
LasVegas,
series,
opener,
DailySparksTribune,
RustyRyals,
three-run,
home,
JeremyLin,
now,
scored,
130,
points,
first,
five,
starts,
passed,
most,
since,
ABA-NBA,
merger,
LinSanity,
CSN,
wins,
regional,
CleanWeekend,
OakleyWakeTeamSweepsPodium,
WWANationalChampionships,
Florida,
chance,
tickets,
gear,
NASCAR,
SprintCupSeries,
Kobalt,
400,
DirtTrackRacing,
school,
Gastonia,
FatherGod,
name,
Jesus,
plz,
help,
Eagles,
LOL,
Sox,
Martin,
cars,
dominate,
today,
vintage,
DodgeFan,
photo,
investment,
group,
led,
Hall,
Fame,
pitcher,
NolanRyan,
wins,
bidding,
war,
own,
TexasRangers,
HALFTIME,
Baltimore,
Pittsburgh,
CanadianCyclist,
2012,
RundleMountainBikeSwap,
Canmore,
USO,
teaming,
upme,
BreedersCupWorldChampionships,
host,
American,
soldiers,
families,
11/7,
SantaAnita,
WashingtonPostMaske,
hope,
handshake,
deal,
will,
completed,
end,
next,
week,
allowing,
free,
agency,
mid-July,
KeyToABetterGolfSwing,
SamADavis,
PublishedSports,
Games,
article,
titled,
KeyToABetterGolfSw,
NFC,
championship,
loss,
BrettFavre,
last,
game,
NFL,
Yahoo,
Sports,
Marcus,
irish,
hand,
grenade,
fight,
against,
DanHardy,
Time,
beatdown,
GAMEDAY,
GoBlazers,
SuperBowlFoodRecipes,
2003,
CarolinaDodgeDealers,
400,
DarlingtonVotedBestNASCARRace,
Decade,
JuninhoLiftsGalaxyPastMotagua,
CONCACAFPlay,
soccer,
lol,
because,
gluttons,
punishment,
detroit,
lions,
run,
SundayOct,
23rd,
support,
local,
high,
school,
Really,
enjoy,
seeing,
LanceArmstrong,
back,
Tour,
France,
Congrats,
OUMenBasketball,
team,
Keep,
dancin,
boys,
Enter,
Win,
PrizePackage-Go,
NASCARHall,
Fame,
CarolinaChristmasMotorSpeedway,
NASCAR,
RACING,
Return,
Rockingham,
wakes,
echoes,
NASCAR,
past,
NHRA,
DAYTONA,
500,
Fish,
biting,
much,
better,
today,
fish,
catches,
already,
morning,
only,
anglers,
bassmasterclassic,
via,
CatchGregIron,
wrestling,
tonight,
pay-per,
view,
event,
UFC,
Soon,
Rampage,
vs.,
Evans,
WooHoo,
RedSoxFORTHEWIN,
WooHoo,
Boston,
takes,
Game,
CELTICS,
49ers,
select,
AJJenkins,
first,
round,
draft,
j.jenkins,
BobHoltzman,
reports,
LionsRBKevinSmith,
will,
start,
Bears,
2010,
CIAABasketballTournament,
week,
All-time,
top,
five,
motorcycle,
drag,
racers,
dragracing,
USCFootball,
ReasonsTroubledTrojansWillWin,
Pac-12,
2011,
BleacherReport,
via,
MannyPacquiaoReceivesWarmWelcome,
LasVegas,
Only,
team,
left,
charlotte,
left,
playoffs,
Checkers,
win,
3-0,
Game,
tomorrow,
JoshHamilton,
anti-arod,
alcs,
MVP,
world,
series,
MLB,
rangers,
Yankees,
afraud,
joshhamilton,
GrandPrix,
returns,
Houston,
ShellOil,
sponsorship,
BizJournal,
SportsIllustrated,
TexasAggieQB,
TexasA&MQBJerrodJohnson,
story,
best,
never,
heard,
WarnerRobinsCommunityCelebratesSoftballTeamSuccess,
baseball,
shirts,
Cardinals,
hope,
knot,
NLWildCard,
race,
MLB,
STLCards,
Yahoo,
predictably/rapidly,
buys,
into,
ESPN,
report,
Braun,
trust,
ESPN,
much,
MSNBC,
Agenda,
mlb,
Haha,
jets,
suck,
DetroitLakesLakersHomecomingWeek,
School,
OtherRandomosity,
Gosh,
miss,
Nascar,
green,
cheer,
Celtics,
beattheheat,
FOE2545Clamdiggers,
start,
10AM,
only,
1.75,
Cubs,
Cardinals,
still,
fighting,
N.L.Central,
Cubs,
play,
tonight,
CoorsField,
Very,
disappointed,
NFL,
playoffs,
date,
CClemson,
SouthCarolinaGamecocks,
rally,
Burnley,
West,
ham,
fun,
Harbaugh,
49ers,
winning,
groove,
KansasCityStar,
CommonwealthGames,
2010,
preview,
new,
Cowboy,
stadium,
looms,
distance,
Centreport,
cost,
100s,
billions,
taxpayers,
sports,
NorthMeck,
golfer,
finishes,
fourth,
state,
tournament,
NorthMecklenburg,
junior,
KatieKirk,
fin,
Quick,
shot,
EvanGeiselman,
after,
winning,
JuniorMenTitle,
U.S.Open,
Surf-HuntingtonBeach,
Hoping,
its,
NEPA,
Listed,
MLBNetworks,
sched,
tonight,
NewYorkYankees,
TampaBayRays,
7pm,
subject,
blackout,
local,
areas,
MinnesotaVikings,
2011,
FantasyFootballStars,
FanRecap,
bad,
NFCWest,
Seattle,
wins,
host,
playoff,
game,
lose,
pick,
8th,
draft,
Heading,
out,
Seymour,
volunteer,
snowshoe,
event,
get,
see,
SanDiegoChargers,
win,
UFC,
106,
results,
Griffin,
takes,
Ortiz,
split,
decision,
ViaNo.,
TexasA&MBeatsNo.,
Nebraska,
9-6,
big,
referee,
fix,
WatchingNotreDame,
football,
game,
COOL,
wearing,
pink,
armbands,
breast,
cancer,
awareness,
classyIrish,
Coffee,
hand,
heading,
Hoover,
round,
disc,
golf,
WatchingUFC,
great,
fights,
far,
Heavyweight,
bout,
coming,
Insane,
matchups,
Yinz,
Pgh,
clears,
BigBen,
return,
practice,
steelers,
Pittsburgh,
Pgh,
Lap,
GregBiffle,
takes,
lead,
TonyStewart,
NASCAR,
CALRIPKENJRORIOLESMLBYOUTHBASEBALLJERSEYXL,
ORIOLES,
realy,
compliment,
BleacherReport,
NationalsJ.D.MartinIsEveryBitAsGoodAsAceJohnLannan,
USA,
reporting,
ACC,
already,
voted,
Saturday,
morning,
admit,
Pitt,
Syracuse,
conference,
Lakers,
Bryant,
GasolLeadLAOverJazz,
Game,
down,
nba,
picked,
Colts,
win,
TylerSeguinOT,
heroism,
pushes,
BostonBruins,
WashingtonCapitals,
historic,
Game,
PuckDaddy,
Yahoo,
Sports,
wins,
MiamiQBHarris,
senior,
year,
hanging,
balance,
HawaiiDESchwenke,
commits,
BYU,
byu,
4:48,
left,
Howells,
Giltner,
nebpreps,
Halladay,
Phillies,
shut,
out,
Nationals,
nationals,
games,
FewerLynxMarked,
HuntingSeason,
estonia,
BirminghamCity,
WolverhamptonWanderers,
Live,
Follow,
minute-by-minute,
live,
text,
commentary,
BirminghamCity,
New,
blog,
post,
AOC,
says,
OlympicGames,
HumanRights,
12-year-old,
bull,
rider,
dies,
tragically,
rodeo,
Righteous,
indignation,
behalf,
bull,
PETA,
Just,
case,
anyone,
wondering,
HATE,
NewYorkYankees,
Sox,
still,
games,
season,
series,
Hockey,
figure,
skating,
war,
zone,
LIVESTRONGAustinMarathon,
HalfMarathon,
History,
made,
Sunday,
February,
20th,
runners,
Niners,
still,
without,
starting,
offseason,
ends,
nfl,
ers,
Heading,
LongBeachGrandPrix,
van,
full,
conservatives,
MyHighSchoolMayfield,
LasCruces,
back,
home,
just,
won,
state,
football,
championship,
GoTrojans,
Another,
new,
bear,
another,
great,
Christmas,
gift,
time,
marathon,
runner,
wannabee,
marathon,
runner,
HolidayMLMMarathon,
NMPRO,
MarkYarnellInterview,
BBAO,
MattKalil,
Vikings,
draft,
Equipment,
news,
MyFive,
GolfPrettiestSwings,
GolfDigestSeniorWriterJaimeDiaz,
ranks,
five,
prettiest,
Twins,
first,
game,
new,
TargetField,
tonight,
Even,
though,
exhibition,
game,
still,
outdoor,
baseball,
Twins,
MLB,
Rule,
marathon,
sprint,
unless,
sprint,
sprint,
Zombieland,
business,
move,
Ilitches,
interest,
buying,
Pistons,
slam,
dunk,
DetroitPistonsP,
GoodLuck,
5th,
native,
today,
FoodCity,
500,
driver,
Mobil,
DodgeCharger,
NASCAR,
week,
Chat,
InsideCollegeHockey,
SportsNation,
ESPN,
02-04-2011,
via,
eagles,
ReebokPhiladelphiaEaglesBoysHome,
AwayReversibleHoodedSweatshirt,
home,
WatchingNASCARTrackside,
ScottRiggs,
class,
act,
final,
A&M,
game,
ends,
w/Qn,
wld,
person,
make,
non-infraction,
yrd-er,
without,
any,
reason,
ncaa,
shld,
investigate,
Change,
rules,
Success,
isn,
all,
business,
Friendship,
laughter,
help,
THINKaha,
SPORTStweet,
2011,
IIHFWorldJuniorChampionship,
NHLNetworkUSBroadcastSchedule,
USAHockey,
via,
Ishikawa,
selected,
address,
players,
2010,
AsianAmateurChampionship,
Memphis,
coach,
West,
Must,
because,
BCS,
conf,
mentioning,
Keenum,
Heisman,
ridiculous,
NFLSundayTicket,
Mobile,
download,
going,
made,
available,
nfl,
sundayticket,
directv,
Well,
Who,
thunk,
TampaBayRays,
WorldSeries,
Sox,
happy,
see,
group,
young,
kids,
GoRays,
RebelYelp,
only,
thing,
less,
exciting,
than,
OleMissRebels,
year,
performance,
footbal,
BYU,
vs.,
UTAH,
ONLY,
2009,
NCAA,
rivalry,
week,
game,
w/Top,
-25,
teams,
UNGA,
WASDOWN,
holywar,
cougars,
utes,
football,
mwc,
collegefootball,
OkChicagoBears,
GreenBayPackers,
fans,
Any,
tips,
pickup,
good,
brats,
sauerkraut,
Sunday,
game,
OrlandoFlorida,
summer,
olympics,
winter,
olympics,
olympics,
Bruins,
clinched,
Eastern,
conference,
still,
hunt,
overall,
NHL,
best,
record,
year,
Two,
red,
zone,
victories,
Giants,
defense,
giants,
nfl,
nyg,
New,
blog,
post,
FirstFemaleAmputeeToRun,
100,
MileTrailRunWins,
Race,
Fav,
stat,
Home,
teams,
win,
Game,
StanleyCupFinals,
win,
Cup,
make,
higher,
winning,
Game,
Canucks,
LOCOG,
auction,
digital,
space,
LondonOrganisingCommittee,
OlympicGames,
ParalympicGamesLO,
Day,
CheerPower,
SanAntonio,
went,
well,
teams,
Prodigy,
Huge,
win,
Rex,
Reed,
Redskins,
Hail,
WinterOlympics,
2010,
closing,
ceremony,
MichaelJFox,
helps,
mark,
end,
Games,
MailOnline,
Looks,
like,
VirginiaTech,
needs,
change,
name,
VirginiaTech-9,
packers,
behind,
Power,
outage,
disrupts,
Bears,
practice,
Very,
strange,
says,
safety,
ChrisHarris,
Final,
del,
partido,
2-2,
con,
final,
muy,
intenso,
Blake,
hangs,
skates,
after,
seasons,
nhl,
all,
star,
game,
Silver,
lining,
Cubs,
losing,
season,
CatcherGeovanySoto,
lock,
win,
NLRookie,
Year,
award,
NYKnicks,
17-17,
VsMIAHeat,
26-7,
7pm,
ETShould,
good,
game,
GoLinsanity,
Sports,
Nba,
Espn,
DEREKJETERNEWYORKYANKEESYOUTHMLBBASEBALLJERSEY,
yankees,
mlb,
BeachBumHomeRunsStopCrushersStreak,
AmericanProspectUpdate,
NCAADraftEligibles,
Q&A,
ChaseBalisy,
Hockey,
Feb,
Wow,
PrinceFielder,
wins,
hrcerby,
great,
HomeRunDerby,
Well,
NelsonCruz,
know,
day,
1860,
organized,
baseball,
played,
SanFrancisco,
first,
time,
just,
fun,
little,
factoid,
Missed,
game,
Still,
good,
effort,
Blocked,
field-goal,
try,
lifts,
WestVirginia,
past,
24-21,
Save,
date,
July17,
FFYR,
Region,
preparing,
Marlins-Nationals,
tailgate,
details,
coming,
WestVirginia,
falls,
Connecticut,
BigEast,
second,
round,
PittsburghTribune-Review,
Ducks,
ufc,
fight,
tonight,
GreatSuperBowl,
game,
Hooray,
Saints,
UFC,
Fox,
sets,
MMA,
mark,
viewers,
USAToday,
ClemsonTigers,
take,
SouthFloridaBulls,
2010,
MeinekeCarCareBowl-Dec,
31st-Get,
tickets,
BYU,
hasn,
caught,
break,
utah,
legit,
fumble,
overturned,
favor,
holywar,
byucougars,
utes,
mwc,
cougars,
UFC,
113,
predictions,
Kimbo,
Koscheck,
Shogun,
wwe,
wweuniverse,
iwantwrestling,
Super,
Smackdown,
NOWLIVE,
Syfy,
CamNewton,
accounts,
fifth,
Auburn,
goes,
35-14,
SEC,
title,
game,
Tigers,
closing,
tri,
Scoreboard,
Prep,
basketball,
12/5,
LincolnJournalStar,
Fun,
see,
MinnesotaTwins,
first,
walk,
off,
victory,
new,
TargetField,
today,
runs,
bottom,
9th,
take,
series,
WhiteSox,
just,
won,
RoseBowl,
hell,
yeah,
U.S.,
women,
shock,
Brazil,
advance,
WomenWorldCup,
Lightning,
score,
empty,
netter,
4-2,
over,
Canes,
Sabres,
Very,
sweet,
High,
school,
football,
player,
Missouri,
w/Down,
Syndrome,
scores,
big,
science,
watching,
nfl,
draft,
TAMPABAYMAKESFINALCUTTOPOTENTIALLYHOST,
2018/2022,
WORLDCUP,
3Pavin,
shanks,
shot,
RyderCup,
intoductions,
CALLAWAYBIGBERTHA,
454CC,
DRIVERGOLFCLUB,
More,
www.myauctionplanet.com,
SteveStone,
evening,
commemorative,
NegroLeague,
uniforms,
There,
lot,
material,
pants,
Sox,
NASCARsChampionsWeek,
heading,
LasVegasMSNBC,
DAYTONABEACH,
Fla.,
NASCARs,
season-ending,
party,
heading,
LasVega,
XavierJohnson,
points,
Reinhardt,
MaterDei,
AskinBooker,
points,
ChaseMurray,
Price,
Looking,
forward,
Tucson,
golf,
Friday,
Disclaimer,
foursome,
will,
connect,
golf,
ball,
even,
once,
bad,
know,
NFC,
went,
33-31,
vs.,
AFC,
2011,
first,
time,
since,
NFC,
won,
interconference,
series,
UFC,
amazing,
lastnight,
BJPenn,
will,
down,
one,
best,
fighters,
all,
time,
155,
weight-class,
WinterOlympics,
2010,
MedalCount,
Ditch,
JINXTOWELS,
Rangers,
will,
win,
Rangers,
fans,
prediction,
Game,
CarltonMitchell,
might,
winner,
football,
field,
more,
than,
person,
browns,
Vogue,
sharing,
derby,
news,
KentuckyDerby,
picked,
out,
derby,
going,
long,
basketball,
season,
hoosier,
fans,
QualifyBelgiumSPAQ1,
Alonso,
Ferrari,
Massa,
position,
SoldierField,
tonight,
Pride,
joy,
Illinois,
Please,
fog,
bowl,
LatestDelawareIndiansNews,
ThreeAmerican,
ice,
dancing,
siblings,
won,
skating,
TeamUSA,
Fourth-PlaceMedal,
2010,
OlympicsBlog,
UFC,
107,
Penn,
vs.,
Sanchez,
fight,
results,
Sportsnet.ca,
GolfTipsO,
Day,
make,
long,
drive,
golf,
Goals,
Chara,
Cooper,
Nagbe,
sparkle,
3-0,
win,
MatchHighlights,
RCTID,
Green,
flag,
pitstops,
starting,
NASCAR,
wondering,
going,
change,
name,
conf,
tournament,
UNLV,
Invitational,
BYU,
MWC,
CBB,
BYUCOUGARS,
Grizzlies,
report,
4/24,
LasVegas,
Fresno,
FresnoBee,
Rout,
Grizzlies,
starter,
MattKinney,
hardly,
time,
brea,
Getting,
backspin,
golf,
ball,
loveofgolf,
BoxingChampLennoxLewisRedCarpetPhotos,
LavoLasVegas,
predicted,
before,
WVU,
beats,
Duke,
wins,
championship,
bleh,
Mike,
Fluff,
Cowan,
ready,
10th,
RyderCup,
RedSox,
fans-tell,
Jerry,
confidence,
level,
team-join,
AllFansOnDeck,
ala,
TigerSlam,
FatalDonMcTavish,
crash,
Daytona,
1969,
TimBrewer,
mentioned,
Nascar,
coverage,
Wow,
nascar,
pocono,
1:51,
NIU,
introduces,
its,
new,
football,
coach,
p.m.,
Monday,
new,
coach,
will,
affiliated,
Humanitarian,
NASCAR,
team,
owner,
RickHendrick,
isnt,
MiamiSpeedway,
bcuz,
stayed,
NorthCarolina,
sick,
niece,
GolfWorldMid-SeasonAll-American,
teams,
Former,
Razorback,
looking,
good,
FelixJones,
fresh,
legs,
Man,
looks,
great,
colts,
hineys,
going,
hurtin,
after,
whipin,
Golf,
Quotes,
took,
years,
get,
3000,
hits,
baseball,
one,
afternoon,
golf,
course,
HankAaron,
guess,
NFLPlayersAssociation,
smarter,
than,
Congress,
insist,
reading,
voting,
before,
voting,
heading,
out,
minneapolis,
guys,
weekend,
nhl,
hockey,
cowboys,
football,
good,
times,
wait,
mason,
event,
good,
win,
chargers,
AMGENUPDATE,
CHP,
cleared,
AuburnRavineRoad,
Race,
leaders,
four,
miles,
out,
Proud,
TeamUSA,
TwoReasonsNot,
tcot,
jcot,
olympics,
teamusa,
winterolympics,
cradle,
cricket,
lords,
cricket,
stadium,
witnessing,
gentleness,
English,
viewers,
IndiaEngland,
test,
cricket,
match,
SeeChevySuperBowlSpotsBefore,
Game,
GMChevy,
brand,
back,
SuperBowl,
five,
spots,
var,
Baltimore,
16Steelers,
minutes,
4th,
QuarterGOGOSTEELERS,
Today,
history,
1964,
Former,
NASCAR,
driver,
ShawnaRobinson,
born,
now,
interior,
designer,
BelieveBlakeGeoffrion,
will,
first,
fourth-generation,
NHL,
player,
plays,
Predators,
tomorrow,
vs.,
Dallas,
Golf,
fascinating,
game,
taken,
nearly,
forty,
years,
discover,
play,
TedRay,
Golf,
MySlice,
Life,
1972,
golf,
CarbLoadingForEnduranceSuccess,
carb,
loading,
Carbohydrates,
endurance,
sport,
mountain,
open,
snowboarding,
today,
conditions,
play,
real,
live,
golf,
any,
18-hole,
golf,
course,
State,
California,
purse,
enter,
splashie,
KungFuGolfSwing,
NewGolfSwingBehindLongerDrivesTotalAccuracy,
DiscoverHowToSuperchar,
SHOP,
UniqueBasketballDisplay,
now,
DenverNuggets,
defeat,
PhoenixSuns,
138-133,
thriller,
NBA,
eagles,
MaddenNFL,
Impressions,
pt6,
LanceArmstrong,
maintains,
3rd,
place,
postion,
after,
13th,
stage,
TourDeFrance,
Top,
racers,
only,
separated,
seconds,
BULLSHIT,
touchdown,
NHL,
hold,
more,
outdoor,
games,
because,
hockey,
cold,
sport,
Playing,
climate,
controlled,
arena,
hockey,
Funny,
mention,
Tesla,
team,
rents,
Lincoln,
welders,
charge,
cars,
touring,
Congrats,
soon,
official,
DanicaPatrick,
will,
driving,
godaddy.com,
chevy,
2010,
Nationwide,
series,
RamonSessionsJoins,
JimRomeShowTalksLakers,
Playoffs,
ramonsessions,
DwightHoward,
will,
vixens,
VIP,
packages,
All-Star,
bash,
sportswriters,
RyderCupPreview,
Unveiling,
U.S.TeamUniforms,
NEWYORKYANKEESNEWTODDLERMLBBASEBALLJERSEY,
3-6M,
yankees,
mlb,
Many,
critics,
over,
past,
year,
some,
very,
harsh,
Interested,
see,
even,
half,
give,
due,
credit,
Hanging,
kids,
OSU,
men,
hockey,
game,
buckeyes,
NFL,
PeytonManningNotDoneWithVisitsPlansToMeetWithDolphins,
amp,
TitansCoaches,
HunterHaas,
wins,
BoiseOpen,
Self,
praise,
losers,
winner,
Stand,
something,
Always,
class,
humble,
JohnMadden,
best,
round,
without,
membership,
fee,
head,
FarCornerGolf,
Boxford,
BONS,
2010,
PublicGolfCourse,
winner,
2011,
PGATour,
UnfamiliarNamesMaking,
Impression,
FedexCup,
Golf,
TYArod,
Yankees,
win,
Yankees,
win,
ArmitronMen,
491014ELBI,
SportBlack,
BlueAccentedDigitalSportWatch,
via,
Vikings,
stadium,
deal,
announced,
ThursdayStarTribune,
ShareWithFriends,
TopNews,
PoliticsStor,
PainfulBears,
game,
yikes,
McCurryCastle,
Alonso,
pits,
after,
poor,
in-lap,
rejoins,
behind,
Hamilton,
YoungFootballerSignsWithNorwayVikingFK,
estonia,
Elias,
TimTebow,
dash,
longest,
game-winning,
touchdown,
run,
quarterback,
final,
minute,
fourth,
BYU,
vs.,
UTAH,
ONLY,
2009,
rivalry,
week,
game,
w/Top,
-25,
teams,
BYUFIELDGOAL,
BYUUP,
13-6,
holywar,
cougars,
ReddingAgreesToMinorLeagueDealWithYankees,
mlb,
average,
balls,
used,
650,
matches,
played,
annual,
Wimbledon,
tennis,
tournament,
gain,
Nice,
defense,
JETS,
SIGolfRanking,
Kaymer,
keeps,
unanimous,
hold,
No.,
IndyCarRacing,
ABC,
WooYoo,
PremierLeague,
denies,
multiple,
shirt,
sponsors,
plan,
PremierLeague,
football,
clubs,
appetite,
boosting,
NASCAR,
RACING,
JeffGordon,
hunt,
Hendrick,
200th,
win,
JeffGordon,
hun,
eagles,
VFPhiladelphiaEaglesCharcoalHeart,
SoulT-Shirt,
LinksFromGreatClevelandBrownsBlogsJune,
2011,
HeyDawgPound!While,
true,
thebarkingd,
browns,
USCTROJANSPULLOVERJACKETPROPLAYERLARGENEW,
LinksFromGreatClevelandBrownsBlogsSeptember,
2011,
HeyDawgPound!While,
true,
thebar,
browns,
ChrisCoghlan,
injures,
knee,
during,
pie-in-face,
celebration,
FloridaMarlinsO,
Saints,
win,
won,
beat,
spread,
LasVegas,
wins,
German,
speedskater,
crashes,
still,
wins,
Fourth-PlaceMedal,
2010,
OlympicsBlog,
Yahoo,
Sports,
Maine,
RedneckOlympics,
warned,
drop,
Olympics,
title,
face,
lawsuit,
Glenn,
won,
racquetball,
tournament,
left,
SanDiego,
getting,
organized,
week,
Lots,
will,
278,
yds,
vs.,
Cards,
pumphass,
GoHawks,
nfl,
Scouting,
potential,
FrankMartin,
recruits,
2019,
2024,
season,
KansasStateUniversity,
KyleOrton,
vs.,
K.C.-became,
first,
Broncos,
history,
post,
275,
yds,
TDs,
being,
intercepted,
sacked,
once,
Fight,
Century,
Keynes,
vs.,
Hayek,
tcot,
getyourrapon,
tarheels,
soundly,
defeating,
clemson,
awesome,
gamecocks,
wrecking,
tide,
speechless,
GoSCTrojans,
Great,
game,
Glad,
won,
Congrats,
fellow,
MDHSAlumnMattBarkley,
just,
trolled,
yankees,
hashtag,
people,
happy,
EhlOhEhl,
Bite,
yankees,
Rangers,
Woo,
hoo,
ColtsColtsColts,
only,
undefeated,
team,
yep,
BrooklynDodgers,
moving,
LA.,
Dodgers,
aren,
team,
book,
magnificent,
Palin,
loudly,
booed,
Philadelphia,
hockey,
Duke,
versus,
Princeton,
today,
college,
basketball,
GoDuke,
duke,
basketball,
CoachK,
ncaa,
usa,
TomDoak,
course,
will,
bring,
golf,
kids,
urban,
Detroit,
Prepping,
ChicagoMarathon,
support,
crew,
running,
last,
Limo,
taking,
between,
chk,
points,
baseball,
shirts,
ThursdaysTradingFrenzy,
PhilliesClose,
Oswalt,
FutureBaltimoreColt,
player,
getting,
set,
RedRiverRivalry,
Trying,
figure,
out,
way,
get,
Lombardi,
trophy,
StanleyCup,
office,
Writers,
editors,
talk,
murky,
player-of-the-year,
picture,
FedExCup,
system,
RyderCup,
NFL,
MikeDitka,
open,
mind,
BearsQBJayCutler,
nfl,
bears,
CollegeFootballPreview,
Week,
StanfordHostsOregonInCrucialPac-12,
SBNation,
NapoliFansFallOntoFieldWhileCelebratingMarekHamsikGoal,
says,
way,
Horns,
FiestaBowl,
Texas,
OhioSt,
Compher,
Kill,
will,
coach,
bowl,
point,
trying,
determine,
staff,
will,
remain,
bowl,
practice,
players,
denying,
50/50,
split,
ProofLifeIsntFair,
MarylandMagic,
MSI,
2009,
SoccerChampions,
Another,
tough,
WorldCup,
LionelMessi,
soccer,
tickets,
Wrestling,
home,
business,
ValleyNews,
AmareStoudemire,
reaches,
5-year,
100,
million,
deal,
NYKnicks,
NBA,
SUNS,
Phoenix,
WomensNCAASoftballWorldSeries,
starts,
tomorrow,
guilty,
pleasure,
besides,
football,
baseball,
wait,
BOSTONCELTICSNBAWARMUPJACKETHWCMENS,
Nice,
pass,
Gilbert,
BCS,
LONGHORNS,
UTAUSTIN,
Thompson,
open,
Hall,
Fame,
doors,
Jordan,
YahooSports,
Etherington,
scare,
Stoke,
Stoke,
winger,
MatthewEtherington,
will,
scan,
damaged,
hamstring,
Wedne,
November,
12th,
MichaelMiller,
will,
join,
MilwaukeeAthleticClub,
dinner,
forum,
Visit,
details,
CardinalsPitcherBobForsch,
dies,
stlcards,
eagles,
PhiladelphiaEagles,
NewYorkGiants,
11-1-09,
HollyMadisonPoses,
LasVegasMotorSpeedwayPHOTOS,
via,
No.,
Marquette,
benches,
stars,
beats,
WVU,
61-60,
JaeCrowder,
scored,
points,
No.,
Marquette,
after,
wvu,
BYU,
vs.,
UTAH,
ONLY,
NCAA,
rivalry,
game,
w/Top25,
teams,
start,
9-2,
years,
STR8,
holywar,
byucougars,
cougars,
utes,
football,
mwc,
ElevenTriathlonSeries,
annual,
international,
Olympic-distance,
triathlon,
series,
see,
believe,
Bio,
greatbio,
SeattleLoses,
16th,
Row,
10-3,
Yankees,
only,
took,
one,
race,
convert,
Woody,
into,
NASCARFan,
Watch,
vid,
Creed,
interview,
underwear,
incident,
Super-CONFIDENT,
Massive,
Tattoo,
celebrate,
mcfc,
cup,
victory,
before,
kick,
off,
reddit,
TORIIHUNTERLOSANGELESANGELSNEWMLBBASEBALLJERSEY,
angels,
mlb,
NewOrleansNews,
SaintsRe-SignKickReturnerRoby,
THINKaha,
possible,
toughest,
guy,
field,
nicest,
guy,
off,
field,
need,
evidence,
look,
MerlinOlsen,
CoachMac,
priceless,
syracuse,
GREENBAYPACKERSPACKERMANIAFANDAMONIUMPUZZLE,
More,
www.myauctionplanet.com,
week,
ChatTranscript,
InsideCollegeHockey,
SportsNation,
ESPN,
02-04-2011,
wARKLive,
interview,
backyard,
wrestler,
xtreme,
assassian,
Tigers,
girls,
swim,
dive,
off,
ClassAAStateMeet,
See,
results,
FormerOSUGolferIsPGARookie,
Year,
Tennis,
star,
Greensboro,
native,
throwing,
out,
first,
pitch,
YankeeStadium,
NHLAwards,
DustinBrown,
red,
carpet,
NHLAwards,
Vegas,
Just,
went,
NASCARHall,
Fame,
Charlotte,
Friday,
Neat,
place,
very,
well,
everything,
1st,
class,
Racing,
fans,
Congratulations,
NewOrleansSaints,
Champions,
SuperBowlXLIV,
MVPDrewBrees,
MarineBikes,
430,
Miles,
WoundedWarriors,
RichCho,
hired,
CharlotteBobcats,
CharlotteObserver,
reporting,
FORE,
Headed,
Savannah,
next,
week,
Swing,
WestinSavannahHarborResort,
LibertyMutualLegends,
Golf,
PGATour,
ContributorNetworkOct,
5:53,
EDTGolf,
been,
Olympic,
sport,
since,
1904,
2016,
Grizzlies,
closed,
out,
Spurs,
become,
just,
fourth,
No.,
seed,
win,
first,
round,
reason,
ZachRandolph,
Hope,
Clemson,
staying,
Auburn,
21-21,
half,
though,
Register,
bike,
NationalBikeRegistery,
years,
bike,
family,
bikes,
years,
TOUCHDOWNJETS,
yards,
ShonnGreene,
3rd,
touchdown,
KTM,
launch,
Duke,
350,
India,
2014,
LongtimeUSC,
women,
tennis,
coach,
ArloElkins,
dies,
Saturday,
OpportunityMissed,
PGATour,
LakersWin,
hope,
easier,
time,
Denver,
want,
Cleveland,
WeeklyNews,
amp,
Notes,
SeattleSoundersFCMediaDept.,
Johnson,
closes,
out,
win,
CogHill,
AndreWare,
63.1,
4699,
yards,
INT,
Heisman,
CaseKeenum,
70.5,
4922,
yards,
INT,
after,
thought,
Heading,
bears,
game,
CricketWorldCup,
season,
benefit,
small,
medium,
films,
News,
Bollywood,
Fundoofun.com,
Woot,
Got,
tickets,
boxing,
MannyPacquiao,
AntonioMargarito,
DallasNovember,
13th,
brother,
bunch,
friends,
Awaiting,
DallasCowboys,
game,
tonight,
against,
PhiladelphiaEagles,
GOCOWBOYS,
Romo,
Murray,
Witten,
Bryant,
Austin,
etc,
new,
appreciation,
JackNicklaus,
GOBIGRED,
Huskers,
Nebraska,
same,
team,
saw,
PuertoRico,
QualityW,
Huskers,
over,
Buffa,
After,
beating,
ice,
VancouverCanucks,
cut,
off,
NHLSJSharks,
dorsal,
fins,
made,
soup,
Reno,
outlasts,
LasVegas,
51s,
TahoeDailyTribune,
RENO,
BrandonAllen,
hit,
first,
home,
run,
Tiger,
second,
most-disliked,
athlete,
America,
Football,
Wilshere,
needs,
recovery,
time,
Wenger,
ArseneWenger,
feels,
Arsenal,
midfielder,
JackWilshere,
needs,
pro,
KansasCityChiefs,
via,
predicted,
trade,
MinnesotaVikings,
Ryan,
NASCARsChampionsWeek,
heading,
LasVegasLasVegasReview-Journal,
DAYTONABEACH,
Fla.,
NASCARs,
season-ending,
party,
hea,
Cool,
video,
footage,
JapanGrandPrix,
last,
weekend,
george,
will,
hank,
paulson,
behind,
home,
plate,
cubs-nats,
game,
Listen,
SWBYankees,
wrap,
3-game,
set,
BuffaloBisons,
PNCField,
Game,
time,
6:35,
cont,
Kyle,
needs,
drive,
fast,
wins,
great,
Sunday,
tweeters,
KyleBusch,
Bengals,
Cowboys,
didn,
know,
ncaa,
officials,
called,
game,
like,
high,
school,
girls,
basketball,
whistles,
GoTonySmokeStewart,
shootout,
tonight,
nascar,
Last,
stages,
WorldCup,
group,
play,
Will,
team,
continue,
cup,
Will,
Win,
PenaltyShootout,
prizes,
Glad,
people,
team,
winning,
First,
softball,
game,
season,
tonight,
dandy,
won,
walk-off,
score,
28-26,
became,
fan,
BostonRedSox,
Prepare,
tonight,
OrangeBowl,
match,
between,
Stanford-VirginaTech,
preview,
game,
Game,
resembling,
SEC,
defenseless,
shooyout,
nfl,
IOWASTATECYCLONESNCAANEWBASKETBALLJERSEYMENSXL,
NOLA,
big,
game,
Watch,
AmericanSector,
JohnBesh,
restaurant,
Nat,
WWIImuseum,
barry,
bonds,
perjury,
trial,
BarryBonds,
set,
begin,
Monday,
SanFrancisco,
Looking,
forward,
49ers,
vs.,
Jets,
game,
Sunday,
JetFavre,
jersey,
will,
wearing,
GreenBayPackers,
hat,
Amazing,
NASCAR,
tired,
JimmieJohnson,
winning,
Seeks,
possibly,
scrap,
points,
system,
NASCARDUMB,
Kite,
leads,
SeniorPlayersChampionship,
World,
long,
drive,
champion,
PGAGolf,
professional,
Master,
degree,
sport,
psychology,
Drive,
300,
yards,
GolfTipsO,
Day,
make,
long,
drive,
golf,
NFLRHYMEREELWeek,
HOSTEDBYNICKJAVAS,
ENJOYANDSHARE,
nfl,
football,
University,
KansasJayhawks,
pathetic,
examples,
treat,
star,
athletes,
You,
just,
beat,
person,
who,
won,
give,
BabeRuth,
UFC,
116,
Lesner,
CarwinOfficialWeigh-InsMGMGrandArenaLas,
Vegas,
via,
PhonesMightNoLongerBeTabooOnGolfTour,
tip,
win,
free,
round,
golf,
Hank,
Source,
confirms,
EricGordon,
2012,
Minnesota,
1st-round,
pick,
going,
Hornets,
part,
package,
ChrisPaul,
Letter,
U.S.RyderCup,
team,
Game,
over,
orioles,
Mendon,
headed,
Charleston,
CooperRiverBridgeRun,
Canadians,
enjoy,
good,
night,
undercard,
UFC,
LasVegasYahoo,
CanadaSports,
LASVEGAS,
Packers,
fans,
booing,
get,
life,
again,
live,
GreenBay,
Favre,
gave,
SuperBowl,
tonight,
sec,
sec,
pitstop,
Thx,
follow,
Running,
marathons,
2010,
Help,
Heroes,
marathon,
marathons,
www.midasma,
KyleWiltjer,
Kentucky,
ZagsBlog.com,
www.zagsblog.com,
Kentucky,
coach,
JohnCalipari,
added,
already,
rich,
Packer,
potus,
doesn,
screw,
super,
bowl,
JohnClayton,
says,
MattJones,
prob,
won,
make,
Bengals,
because,
all,
WRs,
chance,
get,
another,
NFL,
team,
USAToday/USAHockeyMagazineNCAADivIIceHockeyWomenPoll,
Jan,
2011,
via,
Correction,
NASCARTruck,
race,
starts,
1:00,
est,
pre,
race,
12:30,
est,
GreenBayRenames,
MinnesotaAvenueTo,
AaronRodgersDrive,
dumb,
childish,
Please,
check,
out,
BikramYogaDVD,
eagles,
DavidAkersJersey,
ReebokGreenReplica,
PhiladelphiaEaglesJersey,
Goodman,
goes,
yards,
INT,
return,
touchdown,
Broncos,
Steelers,
0:11,
left,
first,
half,
K.J.Choi,
wins,
Players,
after,
playoff,
LoveXM,
radio,
Get,
listen,
VinScully,
call,
Dodgers,
game,
voice,
baseball,
CampConfidential,
PhiladelphiaEagles,
NFCEastBlog,
ESPN,
TexansFrenzyHeatingUp,
phenomenon,
both,
transformative,
utterly,
mesmerizing,
Texans,
long-await,
Stupid,
red,
cost,
Falcons,
game,
Ice,
skating,
BryantPark,
others,
Zenyatta,
still,
great,
horse,
after,
today,
2nd,
finish,
nose,
RWC,
2011,
Huge,
gap,
opened,
French,
lineout,
TonyWoodcock,
charged,
through,
first,
try,
match,
5-0,
AllBlacks,
interesting,
sports,
journalist,
elites,
wrong,
Tebow,
political,
journalist,
elites,
might,
HighSchool,
wrestlers,
made,
through,
regionals,
today,
now,
headed,
Sectionals,
last,
Opening,
game,
PittsburghSteelers,
good,
distraction,
partisan,
politics,
saw,
last,
night,
GOSTEELERS,
JordanSpieth,
stumbles,
final,
round,
SandBoxComments,
KJCTNews,
RockiesScheduleReleased,
grandjunctionrockies,
SuperBowl,
betting,
pool,
ElkGrove,
country,
club,
raided,
state,
agents,
Will,
guest,
speaker,
lunchtime,
WelwynRugbyClubAnnualLunch,
lived,
OklahomaTulsa,
yrs,
hubby,
Sooners,
fans,
watch,
GoldenHurricanes,
OSU,
well,
Today,
Jordan,
last,
soccer,
game,
hadn,
scored,
ALL,
season,
goal,
score,
goal,
today,
Woohoo,
BYU,
Wofford,
next,
byu,
ncaa,
MiniGolfTournament,
Life,
Save,
date,
MiniatureGolfTournament,
benefit,
AmericanCancer,
right,
now,
watching,
india,
v/s,
ireland,
match,
GM4,
Heat,
take,
3-1,
series,
lead,
98-90,
win,
over,
Celtics,
Miami,
outscores,
Boston,
12-4,
LeBron,
Wade,
via,
PinoyIdleNBAPlayoffs,
LeBronJamesWillsCavsToVictory,
StayAlive,
Game,
Great,
news,
BYUCOUGARS,
USC,
LinebackerUonaKaveinga,
transfer,
BYU,
GOCOUGARS,
BYUFOOTBALL,
BRIGHAMYOUNG,
JerryRice,
thinks,
Favre,
experiment,
backfire,
NFL,
Its,
rookie,
Bayne,
Daytona,
Keeping,
eye,
Indy,
500,
b/c,
race,
help,
watch,
real,
race,
tonight,
Coca-Cola,
600,
eagles,
BrianWestbrookPhiladelphiaEaglesPlayerT-Shirt,
SorryCoachNCAABasketballUpdate,
cheering,
college,
football,
season,
starting,
weekend,
GoOklahoma,
GoFlorida,
inglourious,
basterds,
jerry,
jones,
dallas,
cowboys,
1.2,
billions,
stadium,
didnt,
know,
punter,
kick,
football,
jumbo,
tron,
Playing,
best,
ball,
golf,
event,
Saturday,
CollegeFootball,
alumni,
years,
ago,
Live,
GreenBayMarathon,
ChristianaCare,
DelawareMarathon,
2010,
MLBTradeRumors,
RedSoxCallHoustonAstros,
LanceBerkman,
lance,
berkman,
Roster,
moves,
IvanNova,
optioned,
NYY,
RobbyHammock,
DayDL,
JoshSchmidt,
Trenton,
GrantDuff,
Trenton,
TopSixNostalgiaDragRacingEvents,
USA,
daughters,
U13WAGS,
soccer,
team,
looking,
players,
Fall,
team,
CoachAdamRitchie,
NowTHIS,
made,
amazing,
SuperBowl,
halftime,
WatchedUFC,
over,
weekend,
horrible,
main,
event,
Wiman,
vs.,
Stout,
great,
Liddell,
fight,
disappointing,
Cheering,
long,
distance,
Missing,
Parts,
Action,
team,
today,
race,
Mt.Baker,
Fairhaven,
woundedwarriors,
Thx,
finished,
10th,
ASE,
challenge,
216.44,
miles,
ran,
8:52,
mile,
pace,
33.3,
calories,
burned,
UnitedWay,
next,
Sat,
HorsePark,
8am,
Lost,
infield,
PhoenixRaceway,
Oops,
ended,
driver,
parking,
area,
UFC,
108,
8pm,
Evans,
Sylva,
Heading,
Chick-Fil-ABowl,
Looking,
forward,
tailgates,
other,
events,
fans,
Sindy,
plan,
cheer,
Vols,
victory,
FindOutHow,
American,
Football,
Players,
live,
EuropeProFootball,
Europe,
Season,
doubt,
MiamiDolphinsChadHenne,
source,
says,
Enjoy,
day,
golf,
Courses,
Andrews,
Report,
USC,
warned,
agent,
golf,
cart,
ride,
According,
report,
USC,
officials,
saw,
Egan,
golf,
cart,
aroun,
replaying,
Kobe,
game,
FoxSportsWest,
Kobe,
point,
relivehistory,
Wow,
Jets,
blew,
PeytonManning,
Colts,
showed,
championship,
football,
played,
ready,
some,
NFCChampionship,
fun,
PGATourFinancialFootingIsMoreStable,
NBC,
shown,
video,
NodarKumaritashvili,
death,
2010,
OlympicsBlog,
Yahoo,
Sports,
AlabamaCrimsonTide,
please,
report,
SuperDome,
SugarBowl,
started,
without,
State,
AmericanHockey,
2010-11,
UnitedStates,
Hockey,
Fisher-PriceTornadoTeeGolf,
18.54,
49ers,
position,
battles,
Running,
backs,
fullbacks,
TerrellePryor,
other,
OhioState,
football,
players,
suspended,
Vote,
Tebow,
ProBowl,
ProBowlBallot,
Broncos,
Another,
walk-off,
win,
sox,
barefoot,
golf,
shoe,
NewStuff,
GolfDigest,
via,
national,
hockey,
league,
standings,
PostedBy,
LocalSportsReport.com,
FranciscoLiriano,
MinnesotaTwins,
unbeaten,
strong,
matchup,
FloridaMarlins,
BrendanSteele,
earns,
first,
PGATour,
win,
DowntownIndy,
got,
bulk,
SuperBowl,
excitement,
ChicagoTribune,
TonyDungy,
help,
restore,
former,
former,
USFBulls,
coach,
JimLeavitt,
spiritually,
professionally,
asked,
LatestDelawareBlueHensNews,
Watching,
F1QualifyingMalaysia,
TimTebow,
most,
exciting,
football,
player,
world,
after,
last,
game,
96M,
people,
checked,
out,
John,
3:1,
DustinJohnson,
brings,
good,
memories,
new,
driver,
bunch,
putters,
Pebble,
golf,
AtBonanza,
IowaStateCollegiateFirePit,
IowaState,
Grill,
FirePit,
Collegiate,
USA,
always,
thought,
BigTen,
PackTen,
winners,
went,
RoseBowl,
just,
learned,
TCU,
isn,
PackTen,
process,
NorthCarolinaTarHeels,
land,
SFHarrisonBarnes,
No.,
player,
2010,
class,
ESPN,
NewYankeeWorkshop,
20th,
season,
opening,
Great,
performance,
Ulster,
golfing,
professionals,
today,
2011,
AFCEastChamps,
lighter,
side,
Soccer,
Politics,
Soccer,
Futball,
Politics,
MiamiHeat,
training,
camp,
HurlburtField,
FQ10,
client,
OaklandAs,
pitcher,
TrevorCahill,
starts,
today,
against,
SanFranciscoGiants,
6-1,
season,
1.82,
ERA,
BrocTickle,
accepts,
WesternLitesChampionship,
award,
AlabamaCrimsonTideOfficialSite,
Football,
SecondPractice,
Spring,
Books,
CrimsonT,
Red,
sox,
agree,
terms,
CarlCrawford,
year,
deal,
worth,
142,
million,
length,
contract,
top,
player,
TexasRangersBeatSanFranciscoGiants,
4-2,
ThirdWorldSeriesGame,
Sports,
Rangers,
NewYorkDailyNews,
cherry,
picks,
own,
facts,
NFL,
favorite,
TimTebow,
prolife,
Aces,
familiar,
foe,
LasVegasWranglersAnchorageDailyNews,
third,
time,
four,
hockey,
seasons,
AlaskaAces,
RandyMoss,
waived,
MinnesotaVikings,
today,
WTF,
Life,
hurts,
one,
likes,
lose,
real,
champions,
ones,
who,
know,
disappointments,
THINKaha,
SPORTStweet,
ex-New,
YorkJets,
employee,
involved,
allegation,
against,
BrettFavre,
hired,
lawyer,
Surf,
yoga,
LaJolla,
JimInglebright,
wins,
NASCAR,
event,
PortlandInternational,
Goals,
SouthKorea,
Greece,
eagles,
EaglesSearchFor,
WRViaATradeOrTheDraft,
League-leadingVancouverCanucks,
win,
DallasDallasStars,
ManUnited,
through,
last,
Hopefully,
arsenal,
will,
join,
tomorrow,
after,
beating,
Huddersfield,
4th,
round,
FACup,
eagles,
PhiladelphiaEagles,
draft,
DeseanJacksonWR,
2008,
nfl,
draft,
CristieKerr,
leads,
NavistarLPGAClassic,
HRBHelpsPromoteNASCARRedBullRacingTeamTabletPCUse,
BASEBALLHIGHLIGHTS,
Yea,
know,
only,
preseason,
still,
BASEBALLHIGHLIGHTS,
Will,
NYGiants,
will,
win,
2nd,
SuperBowl,
row,
Currently,
predicted,
83.0,
likely,
based,
fore,
know,
all,
horse,
shows,
rodeos,
free,
paid,
admission,
fairgrounds,
schedule,
shows,
visit,
Congrats,
great,
game,
BraytonBrees,
all,
many,
prayers,
today,
always,
GolfDigest,
TipsObamaCanTake,
TigerWoods,
Bill,
Clinton,
knows,
all,
hot,
spots,
hang,
out,
after,
golf,
WomenSoccerSnapsSkid,
2-0,
WinOverAssumption,
FranklinPierce,
via,
RCR,
places,
all,
three,
teams,
2010,
Chase,
RCR,
only,
organization,
place,
ALL,
teams,
Chase,
YOURELIEVEME,
Cardinals,
ride,
bullpen,
7-1,
win,
3-2,
NLCS,
lead,
over,
Brewers,
postseason,
NFL,
Minnesota,
Seattle,
NFLFootball,
NFLCuts,
MinnesotaVikingsWillSoonBe,
ChoppingBlock,
Love,
preseason,
top,
three,
Bama,
Buckeyes,
Broncos,
Boom,
CubsLouPiniella,
wins,
NLManager,
Year,
award,
awesome,
still,
prefer,
WorldSeries,
victory,
point,
sparring,
3rd,
AnnualDelawareValleyOpenKarateChampionship,
Worth,
noting,
Oregon,
opponents,
combined,
55-71,
Auburn,
opponents,
83-60,
TCU,
65-77,
Rangers,
rally,
deny,
Jimenez,
win,
debut,
MattPrater,
just,
hit,
yards,
pregame,
warmups,
broncos,
NextContestMatch,
Double,
header,
USA,
ALG,
GER,
GHA,
tweets,
pls,
Guess,
scores,
WinFREERentals,
hertzcontest,
worldcup,
Briscoe,
takes,
WatkinsGlen,
pole,
second,
straight,
year,
wow,
Jimmy,
hear,
Harkes,
Lalas,
call,
NationalTeam,
idea,
side,
big,
trophy,
worthy,
buck,
QueenCupSteeplechase,
4/24,
Rockin,
MolsonCanadianHockeyHouse,
after,
Olympics,
video,
PlayPoker,
Pros,
TheWildJoker,
FullTiltPoker,
SOONERS,
Take,
FSU,
oklahoma,
Just,
completed,
1.95,
ski,
run,
great,
snow,
RunKeeper,
LakevilleNorth,
basketball,
standout,
CassieRochel,
chooses,
Wisconsin,
over,
UCLAPioneerPress,
MIKEDUNLEAVYJRWARRIORSNBABASKETBALLJERSEY,
2XL,
warriors,
nba,
WatchingOlympic,
women,
water,
polo,
USA,
Italy,
Score,
tied,
Nope,
USA,
now,
leads,
6-5,
also,
working,
Plenty,
stake,
season,
finale,
Atlanta,
LasVegasNBA,
team,
cards,
anytime,
soon,
LasVegasReview-Journal,
now,
LasVegas,
will,
Major,
congrats,
horse,
WimbledonPrince,
gets,
win,
2nd,
race,
LoneStarPark,
paying,
ColoradoRockiesCraigBriefs,
TMHFoundation,
golf,
tournament,
set,
June,
PS3OfficialNFLSanDiegoChargersControllerFaceplate,
Indian,
shooters,
bag,
two,
golds,
CommonwealthGames,
day,
1989,
punishment,
betting,
baseball,
CincinnatiReds,
manager,
PeteRose,
receives,
lifetime,
ban,
game,
Denver,
lost,
Chargers,
denver,
afc,
west,
playoff,
spot,
True,
false,
JohnDaly,
regrets,
never,
playing,
RyderCup,
SanDiegoChargers,
Lean,
like,
charger,
GiovanyProductions,
Suns,
Fans,
FloridaMarlins,
pretenders,
Sochi-2014OlympicGames,
symbols,
adme.ru,
sochi-2014,
predstavleny-kandidaty-v-talismany-sochi-2014-237405,
AndreDawson,
elected,
Hall,
Fame,
MLB,
SI.comGreat,
Besides,
golf,
prizes,
get,
1500,
will,
playing,
golf,
24hrs,
straight,
raise,
charity,
god,
bless,
More,
gymnastics,
after,
day,
lake,
CharityGolfTournaments,
BYUManagementSocietyToHearTuacahnExecutiveKevinSmith,
Rock,
Rumble,
FillmoreCharlotte,
5/15,
Featuring,
professional,
boxing,
MMA,
fights,
CrownePlazaIceSkatingRink,
coming,
Real,
life,
martial,
arts,
techniques,
WOMENSGREENBAYPACKERSPROLINECHAMPIONNFLJACKETL,
packers,
nfl,
SWBYankees,
road,
against,
Syracuse,
7pm,
Listen,
Game,
1280,
1340,
1400,
1590,
ThailandThaworn,
leads,
Yeangder,
golf,
event,
TeamLiftingSession,
CoachCochran,
RollTide,
Belcher,
McDonald,
guaranteed,
barn,
burner,
UFC,
MinnesotaTwins,
GentlemanJimThomeSetToMakeHistory,
MinnesotaTwin,
BodybuildingASport,
bodybuilding,
competitions,
gaining,
muscle,
mass,
USA,
Silver,
hockey,
Parisi,
awesome,
NorthCarolina,
18-3,
NCAATournament,
under,
RoyWilliams,
Will,
continue,
Saturday,
WashingtonNationals,
baseballs,
hottest,
team,
heck,
Packers,
better,
win,
game,
GiantsWebsitePrematurelyRevealsSuperBowlWinnerPIC,
Exciting,
start,
NFL,
ONCBS,
season,
Packers,
score,
points,
last,
seconds,
win,
24-21,
last,
second,
day,
TAHLCup,
taking,
cup,
LosTres,
Cary,
lunch,
210,
attend,
2012,
PGA,
Championship,
making,
largest,
sporting,
event,
ever,
Mile,
ChicagoMarathon,
going,
strong,
Saw,
ambulance,
take,
quite,
few,
runners,
hot,
plenty,
h2o,
ColoradoRockiesCrocker,
agrees,
terms,
ColoradoRockies,
MinnesotaTwinsLowOutside,
ALNotes,
KOBEBRYANTNEWLOSANGELESLAKERSYOUTHJERSEY18-20XL,
lakers,
nba,
Alabama,
scores,
interception,
return,
first,
possession,
ROLLTIDE,
Couture,
announces,
retirement,
AWESOMEFIGHTER,
UFC,
hear,
bears,
season,
going,
poof,
Failure,
fatal,
failure,
change,
might,
JohnWooden,
basketball,
coach,
TexanHBCU,
money,
itshouldbeillegal,
DanSnyder,
own,
WashingtonRedskins,
still,
edge,
seat,
Dirt,
bike,
rider,
shreds,
super,
skinny,
mountain,
ridge,
via,
LuckyNumber,
University,
CaliforniaOfficialAthleticSite,
soccer,
camps,
OfficialPrediction,
DetroitCityHall,
RedWings,
win,
tonight,
LordStanley,
rests,
Detroit,
2009,
Couldn,
make,
RedSox,
hit,
Legal,
chowda,
awesome,
ever,
soft,
shell,
crabs,
season,
divine,
CollegeFootball,
Area,
athletes,
update,
link,
details,
Day,
MilwaukeeRally,
Midwest,
largest,
bike,
rally,
continues,
thru,
Sept,
6th,
honor,
SuperBowl,
GeorgeCarlinBaseball,
Football,
NewYorkKnicksLeFraud,
LeBronJames,
may,
deserve,
new,
nickname,
after,
spurning,
NewYorkKnicks,
NYC,
ZachMcAllister,
allowed,
three,
less,
pitched,
least,
6.0,
innings,
each,
last,
four,
starts,
lowering,
ERA,
5.52,
4.03,
will,
bigger,
story,
tomorrow,
Packers,
loss,
Chiefs,
Tebow,
Broncos,
blown,
out,
Denver,
Pats,
NewOrleans,
saints,
1942,
state,
South,
Carolina,
perfect,
record,
choosing,
GOP,
nominee.GO,
GAMECOCKS,
GONNARIPTHEMHUSKERS,
GolfWeek.ComMini-tour,
vet,
Knox,
earns,
Nationwide,
card,
RussellKnox,
mini-tour,
veteran,
earns,
Nationwide,
Boise,
Nevada,
UABTroy,
etc,
still,
1aa,
Golf,
worlds,
greatest,
sport,
reading,
know,
OnlyForeGolf.com,
AlL,
newspaper,
Garcia,
near,
flawless,
rout,
top-ranked,
Tide,
al.com,
gamecocks,
buzz,
downtown,
incredible,
everyday,
like,
BringItHome,
Vancouver,
Canucks,
RayAllen,
likes,
ShaquilleONeal,
signing,
underdog,
role,
BostonCelticsESPNBoston,
BostonCeltics,
egg,
bowl,
will,
arrive,
Bryan,
building,
between,
1215,
1230,
Kunitz,
helps,
Penguins,
squeeze,
Kings,
nhl,
Nascar,
Green,
flag,
MichiganWolverines,
starting,
center,
DavidMolk,
4-6,
weeks,
out,
broken,
foot,
EaglesRBWestbrook,
will,
sit,
Giants,
game,
out,
Congrats,
JohnsonWagner,
win,
Sony,
having,
greasiest,
stache,
tour,
Two,
great,
achievements,
Congratulations,
Spain,
winning,
world,
cup,
NFL,
49ers,
amp,
RandyMossReach,
1-Year,
Deal,
Leading,
team,
runs,
batted,
spring,
smashes,
two-run,
homer,
Wed.,
against,
Giants,
Vikings,
RamseyCounty,
release,
new,
ArdenHills,
stadium,
images,
Daly,
RyderCup,
slight,
BabeRuth,
golf,
TaylorMartinez,
rushes,
242,
yards,
TDs,
No.,
Nebraska,
routs,
KansasState,
48-13,
Legit,
Heisman,
Top,
SportsMovies,
AllTime,
tcot,
sports,
Wow,
redsox,
offense,
awesome,
runs,
ops,
doubles,
Second,
avg,
homers,
team,
real,
Congratulations,
KarlMalone,
election,
BasketballHall,
Fame,
second,
tier,
team,
Alabama,
creme,
creme,
SEC,
really,
hurt,
CALRIPKENJRORIOLESMLBYOUTHBASEBALLJERSEYXL,
ORIOLES,
49ers/Jets,
game,
Brett,
Jets,
fans,
wearing,
GBPackers,
gear,
incl,
Stadium,
full,
Bucs,
win,
23-13,
need,
Packers,
Giants,
lose,
playoff,
berth,
HighlyUnlikely,
FoxInsider,
WashingtonNationalsCatcherWilsonRamosKidnapped,
Venezuela,
WashingtonNationals,
catcher,
Wils,
ONBA,
star,
LeBronJames,
release,
headphones,
line,
diddy,
beats,
Capture,
excitement,
tonight,
game,
authentic,
Oakley,
sunglasses,
MLBAll-StarGame,
logo,
NEWSFROMTHEBROWNS,
Browns,
make,
final,
preparations,
StraightFromTheClevelandBrownsWebsiteHere,
browns,
WinterOlympics,
2010,
NodarKumaritashvili,
luge,
death,
due,
driver,
error,
says,
CliveWoodward,
nfl,
jerseys,
NFL,
players,
no-shows,
school,
event,
2010,
AmiraAlexander,
age,
qualified,
U.S.WomenAmateurChampionship,
3rd,
AnnualMyrtleBeach,
GolfWizardOpen,
Nov,
Nov,
Fore,
more,
information,
golf,
NFL,
BCS,
system,
Patriots,
Falcons,
SuperBowl,
Instead,
win,
Add,
follows,
MichaelCole,
riding,
motorcycle,
cross,
Canada,
Jan,
2nd,
time,
diabetes,
BigKudos,
Mike,
Sacramento,
kings,
playing,
outstanding,
ESPN,
fun,
watch,
play,
real,
live,
golf,
any,
18-hole,
golf,
course,
State,
California,
purse,
enter,
splashie,
SanDiegoChargersFrostedPintGlass,
CollegeFootball,
fans,
particularly,
SEC,
fans,
SIMandel,
AuburnO-CoordinatorGusMalzahn,
impact,
game,
VCU,
wins,
VCU,
wins,
VCU,
wins,
VCU,
wins,
VCU,
wins,
Just,
completed,
6.00,
run,
super,
HOOOT,
RunKeeper,
day,
1962,
RodLaver,
defeats,
fellow,
AustralianRoyEmerson,
four,
sets,
win,
U.S.Open,
Park,
second,
hitter,
0-2,
pitch,
hit,
single,
right,
LAGalaxyRe-SignDavidBeckham,
soccer,
MLS,
buy-jersey,
NHL,
JerseysImage,
Stewart,
wins,
CokeZero,
400,
ugly,
finish,
DaytonaInternational,
Woody,
sent,
bowl,
loss,
blessing,
shows,
only,
real,
importance,
true,
Buckeyes,
defeat,
Michigan,
forces,
out,
retires,
Beckham,
FINALYankees,
Sox,
Detroit,
loss,
ALCentral,
toddler,
wrestling,
remains,
close,
eagles,
ReebokPhiladelphiaEaglesDeSeanJacksonYouthReplicaJersey,
CamNewton,
AJGreen,
Panthers,
RIPManuteBol,
RedBull,
gets,
blown,
diffuser,
boost,
news,
RedBullRacing,
been,
handed,
boost,
its,
hop,
Invited,
throw,
out,
first,
pitch,
tonight,
Rays,
Yanks,
game,
any,
pointers,
Happy,
fellow,
AkroniteLeBronJames,
won,
NBAMVP,
LeBron,
deserves,
StefanieSpielman,
wife,
NFL,
star,
dies,
via,
Yahoo,
Sports,
great,
start,
TarHeel,
hoops,
team,
Poll,
better,
conference,
record,
year,
Hogs,
Heels,
Gators,
just,
over,
minutes,
left,
regulation,
Kinda,
wild,
good,
Florida,
W00t,
CaddieCowan,
set,
10th,
RyderCup,
BrianBollerman,
200,
YardIMConnecticutStateOpens,
Figure,
skating,
yep,
just,
hard,
time,
caring,
women,
figure,
skating,
Sorry,
Great,
day,
Gators,
Baseball,
beats,
Miami,
Softball,
wins,
twice,
against,
Bama,
will,
now,
play,
titl,
LSU,
Florida,
came,
into,
weekend,
ranked,
higher,
than,
Hogs,
way,
better,
LSU,
steals,
win,
Gators,
EdSchultz,
cheat,
keep,
Brown,
winning,
tcot,
gop,
glennbeck,
Truth,
Rumors,
JohnDaly,
regrets,
never,
playing,
RyderCup,
JohnDaly,
wild,
ride,
professional,
golf,
Please,
won,
make,
through,
fall,
without,
football,
Constructive,
NFL,
labor,
talks,
recess,
Friday,
MiramonteHigh,
faces,
LasLomas,
battle,
football,
unbeatens,
SanJoseMercuryNews,
Arizona,
road,
Daytona,
PSpurs,
vs.,
Raptors,
SanAntonioExpectedToCrushTorontoTorontoRaptors,
BRETTFAVREGREENBAYPACKERSBOYSNFLFOOTBALLJERSEY,
usa,
soccer,
schedule,
SoundersFCNewsNotes,
CLEVELAND,
CAVALIERS,
NBA,
HOODIENEWBOYSM,
FernandoTorres,
scored,
more,
PremierLeague,
goals,
Liverpool,
2011,
than,
Chelsea,
Forlorn,
DetroitRedWingsTeamReportUSAToday,
Diego,
won,
fight,
sure,
Wow,
TalkAmongstYourselves,
Will,
CanucksWinAnyNHLAwards,
OrlandKurtenblog,
blog,
LeeSweattWikipedia,
page,
already,
updated,
first,
NHL,
goal,
Curious,
online,
worldcup,
excitement,
due,
only,
international,
audience,
internet,
audience,
more,
prone,
like,
soccer,
SpartykaFightLeagueVI,
Ray,
LovernHeavyweight,
blog,
Events,
Hampton,
Roads,
MMA,
News,
Video,
BuffaloSabres,
prospects,
boast,
size,
depth,
junior,
level,
HockeyFuture,
via,
CFGBlog,
MancesterUnited,
hit,
market,
turmoil,
During,
troubled,
times,
fin,
Just,
found,
out,
Rays,
definately,
going,
lower,
payroll,
around,
mil,
means,
will,
suck,
again,
Feels,
like,
Major,
League,
Titans,
losing,
def,
line,
coach,
Eagles,
same,
position,
Huge,
sign,
problems,
within,
Titans,
organization,
Bud,
shoulda,
cut,
Fisher,
sports,
WestLincoln,
wins,
SouthernPiedmontWrestlingTournament,
WestLincoln,
continued,
dominance,
Its,
almost,
SuperBowlXLV,
time,
ShopSTEELERS,
vs.,
PACKERSDUELingProducts,
now,
Goalie,
plays,
well,
final,
appearance,
Bruins,
national,
hockey,
league,
standings,
Girardi,
know,
three,
plus,
games,
right,
Yankees,
phillies,
cliffleeisnasty,
MLB,
seen,
CharlesBarkley,
golf,
swing,
TigerWood,
swing,
coach,
help,
10pm,
tonight,
HUGOCHAVEZCLOSES,
MOREGOLFCOURSESBECAUSEHESAIDGOLFINGISAWIMPYSPORTOBAMAWILLQUITGOLFING&PLAYLAWNDARTS,
TCOT,
NotreDame,
MichiganState,
Cool,
anymore,
BeyondNachos,
ChickenWingsUnforgettable,
commercials,
2011,
SuperBowl,
new,
blog,
post,
Thought,
grand,
prix,
last,
weekend,
one,
best,
Istanbul,
really,
great,
track,
finally,
saw,
some,
real,
racing,
Hockey,
game,
Bolton,
NewYork,
football,
Giants,
AttorneyCoryYager,
obtained,
dismissal,
DUI,
reckless,
driving,
charges,
against,
AtlantaBraves,
pitcher,
eagles,
PhiladelphiaEagles,
2009,
HighlightReelMid-Season,
SIGolfRanking,
Kaymer,
unanimous,
No.,
Donald,
debuts,
No.,
Baseball-Hart,
signs,
three-year,
extenstion,
BrewersYahoo,
CanadaNews,
national,
baseball,
JonathanSanchez,
becomes,
1st,
SFGiants,
pitcher,
throw,
hitter,
years,
sure,
all,
saw,
just,
case,
TigerWoods,
statement,
golf,
MarlinOwners,
Index,
JimSesser,
completed,
10K,
HalfMarathon,
time,
1:02:41,
Rule,
36b,
puck,
air,
all,
players,
ice,
stop,
stare,
hits,
ice,
2problems,
Colts,
fans,
still,
arriving,
Miami,
ApologeticRice,
won,
stop,
Twittering,
StephanieRice,
supported,
professional,
athletes,
using,
social,
networking,
136th,
KentuckyDerby,
AwesomeAct,
follow,
eagles,
PhiladelphiaEaglesLitoSheppardReplicaAdultTeamColorSaleJersey,
KentStateWinsPitchersDuel,
via,
OlympicCommittee,
says,
2012,
athletes,
welcome,
tweet,
via,
Football,
player,
concussion,
finally,
gets,
some,
attention,
after,
field,
HULIQ,
best,
racing,
day,
NOW,
LMDAO,
related,
news,
Eagles,
coach,
AndyReid,
having,
ribs,
lunch,
nba,
GameShalomLifeNewlyDiscoveredJewishNBAStarTravels,
Israel,
Jeffery,
controversial,
pick,
Bears,
alshonjeffery,
Gophers,
score,
tie,
3rd,
GoGophers,
WINNER,
payitforward,
4cs,
Coached,
team,
ran,
Run,
CureVancouverOct,
pls,
Gators,
fans,
JeffDriskel,
177,
yards,
passing,
touchdowns,
263,
rushing,
yards,
scores,
58-yard,
recept,
BYU,
beats,
TCU,
3-1,
Hamson,
Carpenter,
big,
games,
today,
byu,
Auburn,
wins,
28-27,
comeback,
12-0,
wareagle,
Fish,
elude,
Carolina,
anglers,
Stripers,
speckled,
trout,
bite,
dying,
out,
Nice,
see,
various,
drivers,
teams,
showing,
tribute,
MarcoSimoncelli,
DanWheldon,
First,
person,
VeloBicycles,
Wilston,
Queensland,
mention,
behindthetour,
wins,
pair,
LtdEditionBMXChromeSunglasses,
celtics,
game,
club,
BULLETIN,
REPORT,
FAMEDGOLFERTIGERWOODSSERIOUSLYINJUREDAFTERCRASHNEARFLORIDAHOME,
still,
smell,
bus,
exhaust,
chugging,
OrangeShow,
Comes,
back,
like,
yesterday,
being,
part,
team,
THINKaha,
RonnieLott,
What,
better,
than,
Hawks-Wings,
series,
PatrickKane,
blackhawks,
ItGOTTA,
RedWings,
RYANBAKKEN,
Packers,
plan,
might,
save,
Vikings,
stadium,
NewOrleansNews,
ChargesDroppedAgainstSaintsLinebacker,
getting,
ready,
Racing,
D&JCRaceway,
today,
HolidaySeason,
isn,
complete,
without,
IceSkating,
Keep,
eye,
status,
ice,
skating,
areas,
Schaumburg,
Heineken,
extends,
ChampionsLeague,
sponsorship,
2015,
HeinekenInternational,
renewed,
its,
multi-million,
Colts,
fans,
heading,
game,
Six,
Auburn,
eight,
victories,
against,
real,
people,
ESPN,
commentator,
Hahahahaha,
PGATour,
needs,
youngsters,
step,
PGA,
5th,
amendment,
Golf,
hero,
TigerWoods,
common,
both,
avoid,
self,
incremination,
WMC-TV,
Memphis,
reporting,
Memphis,
coach,
JohnCalipari,
will,
accept,
offer,
Kentucky,
become,
thinks,
pony,
cars,
NASCARNationwide,
series,
cool,
RonArtest,
class,
act,
Glad,
lunatic,
out,
Houston,
KemarRoach,
Indian,
skipper,
M.S.Dhoni,
caught,
behind,
twice,
six,
balls,
bowling,
ball,
Careless,
VettelWinsBelgiumGrandPrix,
Source,
TigerWoods,
back,
home,
after,
counseling,
CNN.com,
AutoRacing,
needs,
people,
like,
RayEvernham,
somehow,
bring,
stock,
car,
racing,
back,
glory,
Nascar,
ruined,
Fisher,
beats,
Kim,
win,
WorldMatchPlay,
final,
golf,
dinner,
49ers,
coach,
MikeSingletary,
now,
SFMayorGavinNewsome,
joined,
great,
vac,
w/family,
friends-seen,
Tigers,
Mariners,
games,
least,
Tigers,
won,
3-yeah,
catch,
e-mail/twits,
Pinoy2BreakingNews,
MannyPacquiao,
nag,
over,
bakod,
know,
love,
golf,
Carolinas,
Golf,
great,
SCGolf,
better,
Visit,
Men,
football,
Finally,
Needed,
foul,
favorite,
nba,
players,
john,
wall/derrick,
rose,
hands,
down,
CharlotteMotorSpeedway,
will,
host,
CarolinaChristmas,
w/nearly,
500,
different,
LED,
lights,
Open,
nightly,
thru,
Jan,
Today,
Sports,
Plus,
RedSox,
Nation,
cheering,
CarlCrawford,
joins,
Gonzalez,
newest,
members,
Sox,
Shop,
StanleyCupFinalsSale,
now,
August,
1933,
NewYorkYankees,
first,
baseman,
LouGehrig,
plays,
consecutive,
game,
Superbowl,
sunday,
2010,
VancouverOlympics,
Monday,
excitement,
Going,
bowling,
gon,
try,
beat,
191,
high,
score,
time,
bowling,
out,
food,
hands,
surprised,
resignation,
FloridaGatorsCoachUrbanMeyer,
visit,
bill-man,
baseball,
bats,
pipes,
hmmmm,
NorthernIllinois,
tops,
TMDWeek,
power,
rankings,
edging,
out,
Toledo,
Temple,
MichelleWie,
YaniTseng,
one,
back,
HondaLPGAThailand,
IndianapolisColts,
punter,
PatMcAfee,
arrested,
public,
intoxication,
after,
police,
said,
took,
pre-dawn,
swim,
GolfTips,
Etiquette,
PutSpin,
GolfBall,
Golf,
short,
video,
really,
helped,
out,
game,
DeadlineForFavre,
PatKirwan,
SiriusNFLRadio,
refuted,
ESPN,
report,
today,
MinnesotaVikings,
U.S.RyderCup,
victory,
help,
reverse,
trend,
foreign,
dominance,
golf,
NFL,
listed,
top,
draft,
picks,
all,
time,
JerryRice,
none,
other,
than,
JOEMONTANA,
late,
bid,
2014,
Winter,
Olympics,
Austin,
SCOREUPDATE,
MississippiState,
OleMiss,
CarolMannLPGAPlayersInvitationalMonday,
Auburn,
just,
pulled,
ahead,
Florida,
hate,
meter,
kissmyass,
Outstanding,
CongratulationsTexasRangers,
WorldSeries,
welcome,
NorthTexas,
Colts,
owner,
Irsay,
says,
Favre,
hometown,
WTF,
nascar,
move,
back,
restart,
same,
NHWTFWTF,
UCLABRUINSPULLOVERJACKETWITHSIDEZIPPERM,
UCLA,
JeffGordon,
wins,
Career,
win,
CongratsJG,
team,
nascar,
happy,
Gordon,
KarynFORDFOCUSRALLY,
America,
canada,
pro,
sports,
teams,
mexico,
dont,
Shooters,
bag,
12th,
gold,
India,
CommonwealthGames,
New,
ArnoldSchwarzeneggerBodybuildingFitnessSportProteinKreatin,
want,
CollegeFootball,
playoff,
imagine,
OU-FL,
first,
round,
game,
probably,
lose,
2nd,
round,
cause,
num,
injuries,
IndianapolisColts,
put,
safety,
BrandonKing,
injured,
reserve,
re-signed,
tight,
end,
GijonRobinson,
day,
1975,
ArthurAshe,
defeats,
JimmyConnors,
become,
first,
black,
man,
ever,
win,
Wimbledon,
tennis,
Top,
basketball,
recruit,
spurns,
UCLA,
NorthCarolinaLosAngelesDailyNews,
Whoa,
AndyReid,
names,
MichaelVick,
team,
starting,
quarterback,
Mayb,
fatty,
complete,
moron,
NFLPreseasonWk,
WillPhillipRivers,
start,
SanDiegoChargers,
vs.,
SeattleSeahawks,
will,
win,
NewOrleansNews,
I-Team,
E-MailLawsuitNames,
MysteryPerson,
champs,
NorthMeck,
girls,
soccer,
team,
Slideshow,
including,
MarvinRidge,
champs,
Check,
out,
video,
2011,
FormulaDriftFinal,
wow,
again,
Butler,
make,
NCAA,
championship,
after,
being,
held,
without,
field,
goal,
almost,
minutes,
hayward,
msu,
finalfour,
Knocked,
out,
mile,
run,
along,
beach,
Negril,
love,
humidity,
Happy,
voting,
day,
fellow,
AmericansI,
voted,
last,
week,
The,
Sizzler,
charter,
boat,
GoingHalibut,
fishing,
today,
Looks,
like,
great,
fishing,
weather,
definitely,
American,
completely,
agree,
Rory,
year,
worthy,
rookie,
year,
Jul,
1974,
MikeMarshall,
relieves,
TommyJohn,
pitch,
13th,
consecutive,
game,
Funny,
read,
SanFranciscoGiants,
pitcher,
wears,
jersey,
misspelling,
best,
place,
sit,
san,
diego,
chargers,
game,
CollegeBaseball,
JSUSplitsWithJAMU,
jsu,
SteveStricker,
delivers,
again,
PGATourFedExCup,
playoffs,
NewYorkKnicksAmareStoudemire,
latest,
athlete,
throw,
temper,
tantrum,
stoudemire,
Tonight,
4-2,
Rangers,
win,
over,
Giants,
just,
3rd,
postseason,
game,
ever,
combined,
runs,
trust,
issues,
drake,
boy,
cold,
favorite,
player,
Fresh,
off,
court,
JackNicklaus,
Don,
count,
out,
Tiger,
Madden,
Weight,
Worlds,
nhl,
all,
star,
game,
TIMBROWNOAKLANDRAIDERSNFLFOOTBALLJERSEYBOYSNEW,
WESUNSELDWASHINGTONBULLETSYOUTHTHROWBACKJERSEYS,
Love,
ice,
skate,
Check,
out,
WorldCoolestSkatingRinks,
via,
travel,
WATCH,
NFLLinemanShovesRef,
EjectedFromGame,
ProBowl,
update,
Brady,
tops,
AFC,
fan,
voting,
NewEnglandPatriotsBlog,
ESPNBoston,
Patriots,
Pats,
NFL,
Shut,
Play,
Coach,
Interesting,
Sports,
Blog,
says,
Fans,
deserve,
more,
NFL,
Dallas,
Cowboys,
Vikings,
imthankfulfor,
Turkey,
Beer,
Football,
Tough,
watch,
Mets,
RedSox,
fan,
GoDodgers,
GoAngels,
mlb,
Joe,
Paterno,
wins,
Best,
college,
football,
coach,
ever,
pennstate,
MonsterEnergySupercross,
ifs,
Reed,
wins,
will,
Honda,
16th,
Supercross,
class,
championship,
trying,
watch,
SuperBowl,
TimeWarnerCableNYC,
like,
GolfEquipment,
photos,
2011,
U.S.Open,
CongressionalCountryClub,
via,
IndianapolisJWMarriott,
ready,
SuperBowl,
SuperIndy,
Dear,
regardless,
dumbass,
BrianFrance,
says,
SpeedWeeks,
ends,
Daytona,
200,
500,
Please,
check,
out,
BikramYoga,
DonBother,
TryThisInstead,
owner,
apologize,
nfl,
Saturday,
picks,
Nebraska,
Alabamahate,
against,
alma-mater,
Texas,
Clemson,
Baylor,
News,
notes,
PGATour,
top,
golfers,
SPORTStweet,
Win,
class,
even,
though,
normal,
hate,
losing,
lose,
class,
THINKaha,
bad,
summer,
nearly,
over,
GOOD,
Hockey,
season,
Time,
buy,
Canes,
tickets,
NHL,
Hurricanes,
Summer,
baseball,
roundup,
GoJos,
finishes,
third,
LasVegasGreeleyTribune,
LASVEGAS,
TylerWal,
amazing,
time,
WWETribute,
Troops,
tonight,
Thank,
entire,
WWE,
family,
making,
ChiliBowlPickFive,
Scored,
IBRACN,
wins,
point,
over,
b-town6,
GroupEDriverWasTheClincher,
SeasonCompetitionsBeginSoon,
Oct,
1910,
BarneyOldfield,
defeats,
boxer,
JackJohnson,
Brooklyn,
auto,
race,
NewOrleansSaints,
MinnesotaVikingsII,
NOTTHEVIKINGS,
highschool,
kids,
swimming,
nhl,
hockey,
scores,
art,
celebration,
NHL,
Marvelous,
season,
far,
PhoenixCoyotes,
leading,
team,
points,
Best,
luck,
playoffs,
season,
TigerWoods,
leads,
ArnoldPalmerInvitational,
shot,
ProcessingPointSponsorsDiabloGolfClassicTournament,
Charity,
PRWeb,
press,
release,
slightly,
less,
cynical,
Philly,
sports,
teams,
Congrats,
Phils,
NewYorkYankeesDerekJeter,
continues,
onfield,
work,
rehab,
TennesseeTitansTailgatingLPField,
2009,
wmv,
VancouverCanucks,
just,
kicked,
CalgaryFlames,
butt,
all,
over,
place,
6-2,
SinceI,
blocks,
stadium,
get,
enjoy,
rowdiness,
CHICAGOBEARSNFLSWEATERYOUTHNEW,
CHICAGOBEARS,
AggressiveFemaleCollegeSoccerPlayer,
Brown,
won,
answer,
questions,
MPs,
DavidCameron,
will,
answer,
questions,
midday,
instead,
SponsorMe,
SocialMediaMeetsActionSports,
socialmedia,
sports,
News,
AssociatedPressTebow,
booed,
Yankee,
stadium,
