LDSHymn,
Come,
YeDisconsolate,
ThomasHastings,
ThomasMoore,
lds,
mormon,
hymns,
Jesus,
Christ,
music,
LDSHymn,
Keep,
Commandments,
BarbaraA.McConochie,
lds,
mormon,
hymns,
Jesus,
Christ,
music,
word,
deed,
all,
name,
LordJesus,
giving,
thanks,
God,
true-man,
soul,
unaware,
herself,
awakened,
Jesus,
adotsom,
Insiders,
prayer,
chain,
going,
Glenn,
embrace,
power,
comes,
God,
people,
seek,
together,
mother,
co-creater,
father,
God,
WillChristSecondComing,
secret,
coming,
clouds,
Every,
eye,
will,
see,
says,
Revelation,
1:7,
LearnPokerFrom,
Pros,
FullTiltPoker,
Car,
washed,
great,
time,
God,
bubbles,
though,
Clean,
car,
ready,
heart,
wait,
see,
God,
today,
WordCamp,
WorcesterMass,
NYC,
Joshua,
1:9,
commanded,
strong,
courageous,
tremble,
dismayed,
LORD,
God,
Peter,
1:21,
Through,
believe,
God,
who,
raised,
dead,
glorified,
faith,
hope,
God,
Hell,
absolute,
certainty,
side,
God,
Satan,
stands,
side,
only,
turned,
head,
quote,
need,
prayer,
just,
couple,
days,
rest,
Christians,
unsure,
being,
political,
Read,
Indeed,
need,
work,
salvation,
its,
gift,
don,
reject,
JesusChrist,
ultimate,
healthcare,
sick,
heart,
lose,
perspective,
fight,
good,
fight,
remember,
who,
control,
celebrating,
birth,
Lord,
SaviorJesusChrist,
Christmas,
Mumia,
like,
Jesus,
Except,
part,
shot,
Cop,
person,
who,
doesnt,
believe,
God,
along,
Founders,
Everything,
came,
based,
Gods,
law,
TopFunniestFacebook,
Jokes,
Quotes,
UpdatesThisWeek,
eps,
.25,
humor,
honor,
language,
most,
basic,
common,
bond,
makes,
American,
AllenWest,
Success,
ability,
one,
failure,
another,
loss,
enthusiasm,
WinstonChurchill,
Christ,
faithful,
One,
who,
appointed,
Hebrews,
3:2,
please,
retweet,
Abortion,
kills,
Jesus,
heals,
forgives,
offers,
forgiveness,
through,
shed,
blood,
tcot,
prolife,
Hearts,
players,
first,
british,
players,
volunteer,
during,
WWI,
Heaven,
Hell,
really,
exist,
faith,
Twitter,
automatically,
add,
sic,
end,
every,
tweet,
MightJesusSay,
Mormon,
even,
Satan,
disguises,
himself,
angel,
light,
Cor,
11:14,
aheartforgod,
LDSHymn,
Rejoice,
GloriousSoundIsHeard,
W.O.Robinson,
lds,
mormon,
hymns,
Jesus,
Christ,
music,
sending,
prayers,
blessings,
GettingDoubleMastectomy,
WillComeBack,
BetterWoman,
only,
Church,
Jesus,
rest,
Teleos,
Finished,
takes,
burden,
fights,
battles,
AmericanTestamentBInspiringVideo,
Book,
Mormon,
came,
across,
FactsAbout,
Resurrection,
JesusChrist,
BurdenBearerEaster,
eBook,
free,
download,
now,
LDSChurch,
makes,
video,
records,
vault,
available,
online,
May,
Lord,
continually,
bless,
heaven,
blessings,
well,
human,
joys,
Psalms,
128:5,
Jesus,
teaching,
impressed,
taught,
like,
someone,
who,
authority,
Mark,
1:22,
Bible,
Poetry,
Pray,
Any,
one,
who,
power,
prayer,
merciless,
dealing,
own,
sins,
little,
girl,
prayer,
DearGod,
Christian,
usually,
runs,
race,
best,
knees,
DiscerningFalseProphets,
seconds,
quick,
key,
points,
aheartforgod,
trust,
ourselves,
God,
Cor,
1:9,
Get,
more,
Christian,
followers,
proven,
system,
Now,
all,
been,
heard,
conclusion,
matter,
FearGod,
keep,
commandments,
Every,
good,
perfect,
gift,
above,
coming,
down,
Father,
heavenly,
lights,
who,
MarylandCatholics,
say,
NOT,
Marriage,
SSM,
great,
awesome,
God,
loyal,
who,
love,
keep,
commandments,
Daniel,
9:4,
please,
retweet,
Christ,
died,
sins,
once,
all,
righteous,
unrighteous,
bring,
God,
put,
HILLARYDUFFHELPSLOSANGELESHOMELESS,
God,
GodAlone,
Faith,
stepping,
beyond,
limits,
man,
into,
limitless,
abilities,
God,
Lord,
kill,
don,
preach,
Gospel,
still,
die,
got,
Lecrae,
Philly,
UrbanHope,
only,
thing,
follow,
God,
word,
still,
church,
Bible,
word,
God,
word,
struggle,
contentment,
times,
re-post,
Christianity,
reading,
Christ-CenteredWorship,
happy,
liturgy,
God,
coming,
will,
remain,
silent,
fire,
devours,
before,
Psalm,
50:3,
please,
retweet,
just,
dropped,
waffle,
fry,
soda,
Reason,
767,
God,
doesn,
exist,
will,
say,
prayers,
family,
Did,
heart,
love,
till,
now,
swear,
sight,
never,
saw,
true,
beauty,
till,
night,
MarilynMonroeDC,
LDSHymn,
LikeTenThousandLegionsMarching,
JeanL.Kaberry,
lds,
mormon,
hymns,
Jesus,
Christ,
music,
AmericanTestamentBNewYearFestival,
Book,
Mormon,
Just,
time,
2009,
watching,
mybigfatgreekwedding,
sympathizing,
Tula,
because,
family,
same,
way,
eat,
something,
Believe,
LordJesus,
will,
saved,
Acts,
16:31,
LDSHymn,
LordIsMyShepherd,
JamesMontgomery,
lds,
mormon,
hymns,
Jesus,
Christ,
music,
love,
God,
greatest,
virtues,
loved,
God,
greatest,
blessings,
Anything,
place,
before,
God,
another,
God,
Money,
man,
number,
one,
god,
LOL,
Frampton,
Saw,
MileHighStadium,
Denver,
umm,
1973,
Yikes,
Service,
starting,
NOW,
6pmCT,
CelebrationCovenantChurch,
preaching,
live,
online,
Ephesians,
4:25,
Therefore,
having,
put,
away,
falsehood,
each,
one,
speak,
truth,
neighbo,
Bible,
Come,
church,
Right,
now,
Worship,
Bible,
teaching,
Trust,
predictors,
stock,
brokers,
bankers,
climatologists,
politicians,
low,
chat,
astrologer,
Free,
fall,
Check,
Spiderman,
Check,
Hulk,
Check,
Back,
doom,
Submit,
God,
peace,
way,
prosperity,
will,
come,
Job,
22:21,
NewPost,
leaving,
church,
giving,
mormon,
LOL,
Meditation,
window,
soul,
sit,
quietly,
window,
watch,
world,
pass,
tried,
share,
Jesus,
parking,
lot,
shuttle,
driver,
already,
knew,
Jesus,
doesnt,
happen,
often,
praise,
Lord,
Time,
Lord,
Philippians,
pray,
peace,
God,
lives,
gospel,
preachers,
helps,
fuel,
passion,
fire,
preaching,
LDSHymn,
Come,
Sing,
Lord,
Gerrit,
Jong,
Jr.,
lds,
mormon,
hymns,
Jesus,
Christ,
Don,
bear,
false,
witness,
something,
show,
true,
very,
un-Christian,
Thank,
beautiful,
prayer,
Amen,
Atheists,
Will,
never,
know,
really,
believe,
God,
exists,
may,
just,
sneaky,
way,
getting,
back,
God,
lying,
emerged,
Twitter,
after,
last,
week,
episode,
Survivor,
apology,
bummer,
got,
prayers,
God,
children,
reflect,
Father,
likeness,
blow,
emotions,
get,
best,
God,
teaches,
beauty,
apology,
forgiveness,
bring,
healing,
move,
forward,
ZigZiglar,
When,
put,
faith,
hope,
love,
together,
raise,
positive,
kids,
negative,
world,
quote,
vast,
crowd,
followed,
Jesus,
because,
seen,
miracles,
sick,
John,
6:1,
please,
retweet,
New,
blog,
post,
Popes,
town,
officialtwittersong,
EachTweetThatTouchesOurs,
Good,
LDS,
Mormon,
TwitterStake,
God,
only,
knows,
true,
some,
things,
only,
God,
knows,
because,
sons,
God,
sent,
Spirit,
Son,
into,
hearts,
crying,
Abba,
Father,
Speaking,
true-man,
SOUL,
Jesus,
said,
fear,
who,
kill,
body,
kill,
SOUL,
adotsom,
awesome,
blessing,
blessing,
just,
say,
this.God,
wins,
Jesus,
rules,
means,
Jesus,
lose,
huge,
fire,
gets,
hot,
grieve,
lost,
hope,
celebrate,
change,
requiring,
faith,
God,
will,
lead,
BlogTalk,
Prayer,
Immigration,
Revelation,
says,
one,
sitting,
throne,
Bible,
Poetry,
margin,
shows,
words,
come,
Isaiah,
6:1,
interpreted,
God,
told,
Patriots,
win,
humble,
seek,
God,
turn,
sin,
will,
hear,
forgive,
heal,
land,
read,
Chron,
7:14,
spending,
night,
morning,
alone,
little,
work,
lot,
prayer,
welcome,
prayer,
request,
private,
message,
Catching,
people,
being,
good,
means,
overriding,
natural,
instinct,
criticize,
condem,
complain,
NewPseudo-RealityShowLetsViewersVote,
Abortions,
Their,
choices,
YOU,
tagline,
new,
Bless,
Lord,
soul,
all,
within,
bless,
holy,
name,
Psalm,
103:1,
jesustweeters,
BookGroup,
Celestina,
p.m.,
Diesel,
Bookstore/Oakland,
Find,
out,
more,
Those,
VoicesDonSpeak,
Rest,
good,
clip,
LDSHymn,
ZionStands,
HillsSurrounded,
ThomasKelly,
lds,
mormon,
hymns,
Jesus,
Christ,
AmericanTestamentBNewBook,
Book,
Mormon,
JohnW.Welch,
BYU,
Psalm,
71:8,
mouth,
filled,
praise,
declaring,
splendor,
all,
day,
long,
God,
Jesus,
Bible,
Faith,
Jesus,
delighted,
serving,
Father,
Shouldn,
SHORTREAD,
Loving,
GodLoves,
LifeChanger,
LDSHymn,
Far,
FarAway,
JudeaPlains,
JohnMenziesMacfarlane,
lds,
mormon,
hymns,
Jesus,
Christ,
music,
Please,
pray,
God,
blessings,
thank,
Glenn,
continued,
clear,
vision,
blessing,
America,
tcot,
ocra,
Become,
fan,
printing,
Bibles,
need,
BearingPreciousSeed,
Fbook,
BIBLE,
Command,
GOD,
something,
Man,
Promise,
GOD,
something,
GOD,
will,
God,
mind,
LosAngelesTimesPressmens,
YearClub,
AndersonCooper,
DaveBryan,
AnneGarrels,
Humor,
just,
another,
defense,
against,
universe,
MelBrooks,
quote,
humor,
via,
who,
they,
will,
recruiting,
rite,
prison/mosgue/next,
location,
MUSLIMS,
HLD,
next,
meeting,
LDSHymn,
AllThatDwell,
below,
Skies,
IsaacWatts,
lds,
mormon,
hymns,
Jesus,
Christ,
You,
don,
love,
woman,
because,
beautiful,
beautiful,
because,
love,
MarilynMonroeDC,
Trust,
God,
who,
raised,
Jesus,
dead,
1Peter,
1:21,
please,
retweet,
Psalms,
27:8,
MSG,
When,
heart,
whispered,
Seek,
God,
whole,
being,
replied,
seeking,
TweetYourPrayersSource,
www.tweetyourprayers.info,
website,
guides,
tweet,
prayers,
WesternWall,
Colossians,
1:13,
rescued,
dominion,
darkness,
brought,
into,
kingdom,
Son,
loves,
God,
Jesus,
Christ,
Lesson,
Jephthah,
went,
great,
thanks,
everybody,
prayers,
spend,
more,
time,
talking,
Twitter,
friends,
than,
God,
problem,
God,
jealous,
finished,
reading,
Beg,
Mercy,
JamiAlden,
NOOK,
Jesus,
said,
earth,
will,
pass,
away,
words,
certainly,
wont,
pass,
away,
Luke,
21:33,
Bible,
Poetry,
2NIGHT,
VIPVIRGOBDAYPARTY,
NBA,
NFL,
guest,
RSVP,
consider,
everything,
loss,
compared,
surpassing,
greatness,
knowing,
ChristJesus,
Lord,
Phil,
3:8,
Exclusive,
FRINGE,
renewed,
third,
season,
MarthaFastHorseShow,
shared,
Some,
people,
church,
shout,
amen,
louder,
than,
everyone,
else,
thinking,
proves,
spiritual,
Natures,
Worship,
God,
bless,
UnitedStates,
America,
greatest,
country,
Earth,
Great,
day,
Worshiping,
RisenKing,
surrounded,
family,
blessed,
Wan,
live,
everyday,
remembering,
Resurrection,
Easter,
Facebook,
profiles,
fictional,
movie,
characters,
facebook,
socialmedia,
PopularScienceMagazine,
1872,
Now,
all,
online,
full,
view,
search,
Awesome,
LDSHymn,
GodLovedUs,
SentHisSon,
EdwardP.Kimball,
lds,
mormon,
hymns,
Jesus,
Christ,
music,
don,
believe,
God,
will,
allow,
another,
temple,
built,
1000,
yrs.in,
Revelation,
literal,
Greek,
meaning,
1000,
unknown,
Blessed,
persecuted,
righteousness,
sake,
hateon,
yeson,
gutless,
nuts,
mock,
JesusChrist,
new,
cartoon,
piss,
yourselves,
over,
MUHAMMAD,
COWARDLYCENTRAL,
tcot,
NatDay,
Prayer,
tomorrow,
America,
needs,
God,
more,
than,
God,
needs,
America.If,
nation,
under,
God,
adding,
prayer,
list,
pretty,
JehovahWitness,
ladies,
just,
drove,
4WD,
Watchtower,
ask,
What,
think,
CharlesDarwin,
Charles,
who,
BlueIvyCarterFirstYachtTripWithBeyonce,
JayZBlueIveyBorn,
into,
CaribbeanYachtWeekend,
Star,
day,
out,
right,
some,
spiritual,
feeding,
Come,
InternetChurch,
worship,
service,
streaming,
now,
Just,
added,
myself,
twitter,
directory,
under,
Jesus,
Christian,
Bible,
Jesus,
Liberal,
Conservative,
Part,
Part,
Part,
thousands,
views,
1Co,
1:18,
preaching,
cross,
perish,
foolishness,
unto,
saved,
power,
God,
God,
special,
handiwork,
created,
equipped,
anointed,
significant,
all,
areas,
walk,
Enjoy,
journey,
provacation,
don,
spend,
more,
time,
standing,
against,
Islam,
violence,
Because,
approve,
LDSHymn,
ThoughDeepeningTrials,
ElizaR.Snow,
lds,
mormon,
hymns,
Jesus,
Christ,
music,
Looking,
saxaphone,
player,
portland,
Thank,
Carla,
great,
Saturday,
God,
bless,
TopFunniest,
Facebook,
Jokes,
Quotes,
UpdatesThisWeek,
eps,
.18,
GodU.S.ApprovalRatingsSoar,
DailyBeast,
via,
God,
cares,
approval,
rating,
Fetus,
Save,
Gay.,
Will,
still,
fight,
its,
rights?here,
dilemma,
all,
religious,
people,
may,
wit,
end,
today,
because,
every,
time,
star,
More,
Pisces,
DownloadNativeAmerican,
healing,
music,
iTunes,
Californians,
who,
believe,
Life,
Liberty,
Pursuit,
Happiness,
JoinUs,
FaceBook,
thca,
rebooked,
Embassy,
Mariott,
Embassy,
zebra,
print,
curtains,
avocado,
plastic,
vinyl,
headboard,
broken,
May,
Lord,
bless,
Christmas,
throughout,
NewYear,
according,
1Cor,
2:8,
devil,
rulers,
world,
crucified,
Jesus,
known,
mystery,
Christianity,
white,
man,
religion,
Excellent,
series,
Myth,
CursedRace,
Christ,
first,
GOD,
foundation,
nation,
dare,
give,
GOD,
glory,
thanksgiving,
Shameful,
Success,
consists,
going,
failure,
failure,
without,
loss,
enthusiasm,
WinstonChurchill,
Chess,
Vets,
Going,
teach,
chess,
blind,
veterans,
Birmingham,
AlabamaVAHospital,
Need,
help,
get,
braille,
chess,
sets,
struggling,
cafeteria,
Christians,
who,
pick,
only,
non-controversial,
teachings,
Bible,
know,
because,
one,
Rev,
3:15,
-17,
KristenBell,
YellowBikini,
Miami,
via,
Yahoo,
ImageSearch,
TopImages,
art,
believe,
angels,
kind,
heaven,
sends,
surrounded,
angels,
call,
best,
friends,
MarilynMonroeDC,
dislike,
Perry,
singles,
out,
Jews,
Jesus,
ppl,
whose,
religion,
likes,
find,
obnoxious,
Xians,
cal,
believe,
angels,
call,
best,
friends,
MarilynMonroeDC,
only,
thing,
know,
sure,
god,
charge,
New,
blog,
post,
PopeProtests,
more,
honest,
than,
most,
MayGod,
bless,
avenues,
exercise,
creativity,
God,
bless,
all,
You,
will,
never,
feel,
more,
alive,
than,
live,
dream,
God,
created,
JoelOsteen,
God,
rules,
Psalm,
59:13,
retweet,
agree,
GivingToCharity,
Community,
ExpertsRevealThe,
MythsOfXMasGiving,
taking,
verse,
completely,
out,
context,
saying,
just,
because,
give,
God,
excuse,
disobey,
law,
libs,
Bible,
just,
book,
real,
believers,
sacred,
understood,
whole,
GreenTraveler,
makes,
difference,
home,
abroad,
travel,
LDSHymn,
StandAllAmazed,
CharlesH.Gabriel,
lds,
mormon,
hymns,
Jesus,
Christ,
music,
BlessedSunday,
all,
Extra,
prayers,
today,
every,
day,
country,
fallen,
heroes,
GodBlessAmerica,
minds,
been,
Isaiah,
such,
incredible,
prophecies,
LordJesus,
thankful,
blood,
shed,
forever,
debted,
Gaze,
stars,
CadesCove,
KnoxvilleNewsSentinel,
need,
Blazing,
Saddles,
type,
movie,
made,
Islam,
essence,
prayer,
open,
self,
God,
may,
come,
beautiful,
day,
God,
blessed,
God,
country,
May,
joy,
LordJesusChrist,
all,
Thessalonians,
3:18,
please,
retweet,
very,
purpose,
Christ,
coming,
into,
world,
might,
offer,
life,
sacrifice,
Jesus,
connecting,
point,
between,
life,
afterlife,
Egypt,
first,
heard,
gospel,
Minneapolis,
playing,
JavaJacks,
2nite,
46th,
BryantAv,
S.Great,
band,
SkateparkFundraiser,
haven,
read,
Bible,
rationalized,
read,
Bible,
Nowhere,
state,
prochoice,
sin,
PraiseGod,
over,
million,
Christians,
joining,
prayer,
America,
Sunday,
NETANYAHU,
Auschwitz,
says,
prophecies,
Exekiel,
been,
fulfilled,
promise,
God,
outpouring,
Spirit,
upon,
loved,
ones,
SHORTREAD,
LDSHymn,
SweetIs,
Work,
IsaacWatts,
lds,
mormon,
hymns,
Jesus,
Christ,
music,
God,
good,
Praise,
Lord,
grace,
God,
blesses,
people,
who,
humble,
earth,
will,
belong,
5:5,
CEV,
Jesus,
bibleblast,
humility,
Appreciate,
prayers,
today,
DailyNews,
legend,
photographer,
ElwoodSmith,
dies,
definitely,
say,
more,
along,
lines,
than,
PG-13,
PG-13,
means,
kids,
fine,
seeing,
movie,
WomanAttacksObsceneJesusArtwork,
Crowbar,
christian,
news,
LDSHymn,
OLord,
Hosts,
AndrewDalrymple,
lds,
mormon,
hymns,
Jesus,
Christ,
music,
Searching,
OnlineMovieRentals,
Check,
out,
Netflix,
BlockbusterExperiment,
spon,
3-Steps,
Releasing,
BADitude,
Jesus,
dies,
page,
1454,
BibleSpoilers,
follow,
God,
obey,
God,
will,
NOTLETYOUDOWN,
Joshua,
1:5,
Filled,
w/the,
HolySpirit,
seconds,
met,
JohnWeed,
son,
church,
May,
spoke,
hearing,
God,
agreeing,
doing,
resulting,
fulfillment,
Good,
nite,
Tweeps,
LuvYa,
RespectYourPatriotism,
GodBlessYouAll,
GodBlessTheUnitedStates,
America,
Heres,
great,
gratitude,
blog,
offer,
free,
copy,
book,
every,
wee,
AmericanTestamentBAlma,
KnowWhether,
Book,
MormonIsRevea,
SocialMediaToday,
Over,
third,
Facebook,
users,
now,
use,
seniors,
record,
levels,
sickness,
bad,
karma,
being,
washed,
away,
mysterious,
spirits,
Indian,
spices,
New,
YorkSaysThankYou,
Country,
GodBlessN.Y.GodBlessAmerica,
Eph3,
grace,
given,
being,
less,
than,
least,
all,
saints,
preach,
gospel,
unsearchable,
riches,
Christ,
the,
lost,
sheep,
house,
Israel,
verse,
talks,
Matthew,
10:6,
respect,
Gods,
disdain,
anrachy,
ConcerningIsrael,
will,
bless,
who,
bless,
will,
curse,
who,
curses,
Genesis,
12:3,
LeanaReisman,
ProfessionalPianistWestHartford,
LDSHymn,
Day,
Joy,
Gladness,
LeroyJ.Robertson,
lds,
mormon,
hymns,
Jesus,
Christ,
FLASHBACK,
MuslimsBurnBibles,
DestroyCrosses,
Behind,
Veil,
Globe,
Mail,
watch,
few,
interview,
women,
behind,
veil,
Islam,
women,
Just,
started,
following,
PauloCoelho,
Great,
writer,
spiritual,
master,
inspiration,
many,
around,
world,
Jesus,
great,
business,
man,
Find,
out,
Prayer,
action,
love,
love,
action,
service,
MotherTeresa,
knew,
all,
along,
Mormon,
people,
hotter,
healthier,
Mediterranean,
God,
favorite,
sea,
gentle,
sea,
romantic,
chosen,
carry,
God,
message,
love,
God,
bless,
troops,
families,
daily,
sacrifices,
will,
stand,
always,
sot,
military,
Babylon,
Harlot,
ExposedPt,
HOW,
affects,
YOU,
Jerusalem,
Temple,
Islam,
Muslim,
See,
pray,
God,
Father,
Son,
HolySpirit,
getting,
party,
line,
Angels,
singing,
didn,
hear,
only,
listened,
whispered,
ear,
MarilynMonroeDC,
TksCheri,
reminding,
God,
saved,
BaltiWe,
found,
stray,
kittens,
upset,
God,
abt,
now,
mother,
prayer,
young,
son,
Thank,
God,
bed,
LDSHymn,
MorningBreaks,
ParleyP.Pratt,
lds,
mormon,
hymns,
Jesus,
Christ,
restoration,
church,
music,
God,
Answer,
today,
Join,
over,
million,
Christians,
pray,
nation,
leaders,
Beloved,
love,
one,
another,
love,
God,
every,
one,
loveth,
born,
God,
knoweth,
God,
John,
4:7,
LilWayne,
NickiMinajWitnessedKissing,
CheckOutYoungMulaLip-Lock,
NBAAll-StarGame,
FatherSpirit,
will,
speak,
Matthew,
10:20,
Bible,
Poetry,
man,
asked,
God,
give,
everything,
enjoy,
life,
God,
replied,
man,
gave,
life,
enjoy,
everything,
WaysGodSpeaks,
seconds,
God,
saying,
listening,
aheart,
4god,
God,
gave,
gift,
life,
honor,
walking,
path,
righteousness,
Bless,
persecute,
bless,
curse,
overcome,
evil,
hateon,
yeson,
Greek,
word,
angel,
used,
times,
Revelation,
Rev,
10:1,
Bible,
Poetry,
margin,
shows,
verse,
means,
Jesus,
pbb,
ABS_CBNTV,
pbbnow,
live,
ExecutiveVP,
Director,
Communications,
FlatWorldNavigatorFormer,
writer/editor/radio,
host,
Bio,
greatbioseries,
Worry,
won,
make,
God,
hurry,
want,
God,
move,
accelerated,
pace,
accelerate,
faith,
LDSHymn,
GoWhereYouWantMe,
MaryBrown,
lds,
mormon,
hymns,
Jesus,
Christ,
music,
Thanx,
follow,
Good,
meet,
fellow,
believer.Hope,
Thanksgiving,
blessed,
full,
love,
Jesus,
2010-2020-NEXT,
DECADE,
Our,
lives,
begin,
end,
day,
become,
silent,
things,
matter,
MartinLutherKing,
Jr.,
NewADFBlogPost,
NHOfficialsSignUp,
Lawsuit,
PullingPlug,
BibleMarquee,
Thanks,
follow,
Blessings,
said,
When,
pray,
say,
Father,
hallowed,
name,
kingdom,
come,
11:2,
Jesus,
bibleblast,
Tworship,
Good,
morning,
patriots,
May,
blessed,
bless,
one,
nation,
under,
God,
today,
WAKE,
THEYSNORING,
Hope,
disappoint,
bcause,
love,
God,
been,
poured,
out,
w/in,
hearts,
thru,
HolySpirit,
who,
given,
us.Rom5,
bibleblast,
JesusChrist,
same,
yesterday,
today,
all,
ages,
Hebrews,
12:8,
please,
retweet,
believe,
God,
always,
keeps,
promises,
even,
during,
junglewarfare,
share,
God,
prayhard,
twurch,
There,
generation,
pure,
own,
eyes,
Yet,
washed,
its,
filthiness,
Proverbs,
30:12,
lords,
day.praise,
thanks.count,
blessings.God,
Bless,
awesome,
size,
prayer,
group,
question,
get,
people,
realize,
important,
prayer,
SuperBowl,
commercials,
best,
Check,
out,
poll,
add,
thoughts,
Cross,
Besides,
believe,
God,
agree,
rights,
God,
given,
uphold,
Constitution,
Rom,
10:8,
NLT,
Salvation,
comes,
trusting,
Christ,
already,
within,
easy,
reach,
lips,
heart,
True,
happiness,
found,
glories,
world,
service,
God,
Macrina,
sister,
Basil,
Gregory,
Nyssa,
book,
feminism,
Christianity,
mothers/daughters,
support,
life,
book,
tcot,
Hebrews,
1:9,
quotes,
Psalm,
45:7,
saying,
Jahushuwah,
hated,
lawlessness,
deserters,
covenant,
thr,
GraciousGod,
Goodness,
beyond,
understanding,
implore,
convert,
world,
SonMostSacredHeart,
Thank,
Amen,
PoundsOfStarWarsBlueprintsAvailableNow,
national,
stadium,
FortWorthWeeklyNews,
Entertainment,
Restaurants,
Music,
Mat,
12:15,
Jesus,
knew,
withdrew,
himself,
thence,
great,
multitudes,
followed,
healed,
all,
Moon,
now,
Aquarius,
4:47,
FridayBST,
11:47,
ThursdayEDT,
LDSHymn,
FastingWeApproachThee,
lds,
mormon,
hymns,
Jesus,
Christ,
music,
Who,
hell,
wants,
hear,
actors,
talk,
HarryM.Warner,
WarnerBrothers,
1927,
God,
fills,
eternity.How,
much,
bigger,
big,
Other,
gods,
back,
away,
Lord,
comes,
way,
Songsermons,
GodRules,
Phone,
ABC.Com,
vote,
Bristol,
1-800-868-3407,
DOWNTOTHEWIRE,
Jeffress,
cult,
talk,
even,
coherent,
Who,
decides,
who,
Christian,
mormon,
LDS,
All,
men,
endowed,
creator,
certain,
inalienable,
rights,
Life,
Liberty,
Pursuit,
happiness,
God,
BATTLECRY,
stand,
friends,
Israel,
pray,
JesusChrist,
God,
seeks,
bless,
bless,
anymore,
Believe,
Jesus,
God,
NewCreationChurch,
1118,
WRamseySt,
Banning,
God,
bless,
brothers,
sisters,
New,
pics,
south,
america,
taken,
cruising,
MSNorwegianSun,
round,
cape,
horn,
patagonia,
MinnesotaStateFair,
just,
announced,
free,
stages,
Aug.,
Sept.,
Check,
out,
complete,
list,
more,
Pray,
ask,
God,
more,
Faith,
will,
ask,
God,
help,
persevere,
will,
Time,
burn,
lines,
Heaven,
give,
God,
prayer,
help,
restore,
nation,
blessings,
stature,
peace,
friend,
God,
bless,
AllMyFriendsAndFellowPatriots,
BlessedGoodFriday,
HappyPassover,
GodBlessAlways,
will,
been,
made,
holy,
through,
sacrifice,
body,
JesusChrist,
once,
all,
honest,
guys,
contestant,
like,
best,
AmericanIdol,
Churches,
within,
rights,
support,
Proposition,
yeson,
hateon,
ChristiansUnited,
Israel,
2011,
WashingtonSummit,
Welcome,
RegisterOnlineToday,
via,
Just,
leaving,
church,
pray,
Jesus,
exalted,
great,
time,
LightUpTheSeason,
BrianMcKnight,
ThirdStreetPromenade,
SantaMonica,
simple,
prayer,
DearLord,
pray,
who,
unite,
will,
elected,
over,
who,
divide,
Christ,
Jesus,
JPT,
CandleboxNJ,
Club,
Terrific,
news,
baptisms,
Glory,
God,
true,
don,
know,
got,
its,
gone,
don,
know,
been,
missing,
arrives,
MarilynMonroeDC,
limit,
possible,
aware,
Spirit,
BuyConsciousFootsteps,
today,
get,
bonuses,
best,
way,
enrich,
lives,
encourage,
friends,
family,
pray,
God,
doesn,
require,
succeed,
only,
requires,
try,
MotherTeresa,
BiblicalGreatTribulationPeriodBegin,
2010,
Revelation,
6:1,
saw,
Lamb,
opened,
one,
Due,
hard,
work,
blessed,
dont,
work,
hard,
miss,
blessings,
flyinldy,
all,
bailed,
out,
God,
Jesus,
crucified.don,
forget,
HEROSEAGAIN,
seven,
heads,
Revelation,
13:1,
interpreted,
meaning,
seven,
hills,
Revelation,
17:9,
-10,
Revelation,
shows,
God,
enthroned,
sanctuary,
heaven,
4:2,
19:4,
just,
Sam,
6:2,
says,
enthroned,
above,
ark,
earth,
Jesus,
came,
spake,
unto,
saying,
All,
power,
given,
unto,
heaven,
earth,
Period,
OneManWillTry,
Tweet,
BibleOverThreeYears,
via,
jesustweeters,
God,
CatholicRegister,
Whatcott,
case,
determine,
fate,
religious,
freedom,
free,
expression,
Mr.Beck,
needs,
come,
Jesus,
meeting,
himself,
judgmental,
pray,
WhoBlessIsraelWillBeBlessed,
WhoCurseIsraelWillBeCursedGen.,
12:1,
ItNOT,
complicated,
make,
bible,
important,
cell,
GoodnightGodBless,
thoughts,
prayers,
tonight,
Top,
Blogs,
ExploringItaly,
Jesus,
speak,
ill,
wealth,
loving,
more,
than,
spoke,
being,
MASTER,
filthy,
lucre,
Besides,
Jesus,
drove,
Honda,
remember,
disciples,
waiting,
upper,
room,
said,
all,
one,
Accord,
Sabbath,
weekly,
celebration,
GodREST,
HUMANRESTLESSNESS.There,
reason,
7th,
day.The,
symbolism,
unique,
Giving,
thanks,
God,
Father,
awesome,
concept,
May,
joy,
LordJesusChrist,
Thessalonians,
5:28,
Bible,
Poetry,
stories,
break,
mother,
who,
told,
Nazis,
choose,
children,
live,
Holocaust,
AmericanIdolWorshipObama,
JesusChrist,
Thank,
God,
knows,
every,
thought,
finds,
faith,
nothing,
impossible,
risen,
day,
Jesus,
risen,
dead,
give,
all,
eternal,
life,
HappyEaster,
everyone,
God,
bless,
PrayerWarriorsNeeded,
Working,
ATCs,
SteelMagnolias,
swap,
Arriving,
back,
offices,
after,
daily,
mass,
Kender,
decided,
suspend,
dialysis,
Stop,
blogging,
Say,
good,
bye,
prayer,
alert,
LDSHymn,
GiveTheeButThineOwn,
WilliamWalsham,
lds,
mormon,
hymns,
Jesus,
Christ,
music,
sworn,
upon,
altar,
god,
eternal,
hostility,
against,
every,
form,
tyranny,
over,
mind,
man.-Jefferson,
tcot,
quote,
unseen,
power,
good,
evil,
God,
made,
both,
gave,
freedom,
choice,
choose,
destiny,
GodBless,
Every,
minute,
spend,
like,
being,
heaven,
looking,
angel,
eyes,
MarilynMonroeDC,
LDSHymn,
Wondrous,
Great,
HenryU.Onderdonk,
lds,
mormon,
hymns,
Jesus,
Christ,
music,
know,
witness,
someone,
life,
amp,
Jesus,
ProLife,
God,
tcot,
Out,
same,
mouth,
proceedeth,
blessing,
cursing,
brethren,
things,
ought,
HappyEaster,
everyone,
dont,
forget,
thank,
God,
sacrificing,
only,
son,
all,
sins,
God,
loves,
via,
Watch,
video,
Christian,
cults,
who,
blaming,
all,
Muslims,
poking,
fun,
stupid,
reasoning,
Book,
PopeJohnPaulIIWhippedHimself,
WeighedRetiring,
TIME,
HrPrenatal,
SwedishMassage,
49.00,
ORSpend,
300,
laser,
pkg,
get,
laser,
pkg,
lip,
chin,
underarm,
free,
Call,
480-264-3100,
prepping,
days,
SanDiego,
Speaking,
stage,
w/Kent,
Brett,
guys,
A&E,
Flip,
House,
event,
Pray,
Prayers,
hindered,
unbelief,
Wisdom,
training,
mind,
eye,
see,
things,
actually,
Definitely,
will,
say,
prayer,
little,
one,
Cargill,
gives,
Muslim,
workers,
gender-segregated,
prayer,
space,
prayer,
rugs,
sharia,
jihad,
news,
WatchingOnHollywood,
viral,
video,
awards,
person,
Sofitel,
News,
Jesus,
Jew,
followers,
death,
resurrection,
part,
God,
plan,
judgment,
required,
Rev,
4:11,
Worthy,
LordGod,
receive,
glory,
honor,
power,
created,
all,
things,
thy,
pleasure,
created,
vision,
God,
spirit,
vision,
innocence.Its,
job,
forgive,
whom,
God,
hasn,
condemnd,
but,
rembr,
tht,
God,
condemns,
noone,
MayGodBlessAmerica,
Six,
days,
thou,
shalt,
thy,
work,
seventh,
day,
thou,
shalt,
rest,
Exodus,
23:12,
having,
trouble,
advancing,
goals,
check,
out,
today,
blog,
read,
get,
motivated,
PETACommercialBannedFromSuperBowl,
GodForgottenUsMe,
Helpful,
read,
feeling,
like,
God,
found,
hope,
Friends,
angels,
lift,
wings,
forgotten,
fly,
MarilynMonroeDC,
really,
need,
retreat,
couple,
days,
Nothing,
prayer,
fasting,
fellowship,
course,
rest,
LDSHymn,
AsZionYouth,
LatterDays,
SusanEvansMcCloud,
lds,
mormon,
hymns,
Jesus,
Christ,
music,
ever,
see,
getting,
beaten,
police,
put,
down,
video,
camera,
come,
help,
BobcatGoldthwait,
Reading,
Bible,
turns,
minds,
into,
storehouses,
through,
Spirit,
work,
Boy,
writes,
ltr,
God,
Dear,
God,
bad,
things,
happen,
schools,
God,
replied,
Dear,
Son,
allow,
God,
bless,
U.S.A.,
time,
man,
realizes,
maybe,
father,
right,
usually,
son,
who,
thinks,
wrong,
CharlesWadsworth,
FatherGod,
pray,
glory,
touches,
lives,
all,
U.S.Troops,
protect,
comfort,
guide,
every,
step,
Jesus,
name,
Amen,
thanks,
same,
side,
GodBless,
God,
like,
Jehovah,
God,
like,
Jehovah,
God,
like,
Jehovah,
God,
like,
Jehovah,
Singing,
beck,
The,
punishment,
wise,
suffer,
who,
refuse,
take,
part,
government,
live,
under,
government,
worse,
men,
Plato,
Nothing,
real,
threatened,
Nothing,
unreal,
exists,
Herein,
lies,
peace,
God,
CourseInMiracles,
Lovely,
cat,
YinYang,
see,
photo,
May,
tweet,
needs,
prayers,
tough,
life,
today,
undergoes,
surgery,
God,
bless,
Jesus,
said,
Follow,
John,
1:43,
Celebrating,
Check,
photo,
retweet,
Thanks,
prayers,
dad,
especially,
salvation,
still,
ICU,
tough,
night,
last,
night,
nurse,
said,
Know,
more,
soon,
EgyptianMuslimBrotherhood,
ImplementSharia,
Phases,
ScientistsProve,
CreatorGOD,
via,
tcot,
atheist,
Almighty,
Love,
sgp,
prolife,
China,
N.Korea,
Russian,
exhibit,
loss,
freedom,
cultures,
making,
man,
into,
god,
GODREIGNS,
universe,
all,
scientists,
only,
understand,
core,
all,
science,
prove,
everything,
God,
revealed,
Word,
help,
advice,
launch,
new,
course,
guys,
great,
Well,
n`t,
see,
Predator,
modern,
telling,
story,
JesusChrist,
again,
very,
religious,
practice,
godly,
contentment,
Christianity,
PrayersI,
ready,
tweet,
problems,
prayers,
offered,
behalf,
guidance/mercy/protection,
useful,
Good,
night,
tweeps,
SOT,
ThankaSoldier,
Savethebabies,
God,
bless,
America,
GodBless,
Show,
Christians,
plotted,
taken,
over,
airplanes,
flying,
into,
buildings,
name,
Christ,
LDSHymn,
Arise,
OGod,
Shine,
WilliamHurn,
lds,
mormon,
hymns,
Jesus,
Christ,
music,
Weather,
good,
landing,
prayers,
LDSHymn,
Spirit,
God,
WilliamW.Phelps,
lds,
mormon,
hymns,
Jesus,
Christ,
restoration,
church,
music,
Gods,
pleasure,
everything,
created,
exists,
Revelation,
4:11,
DWoG,
easy,
love,
God,
loves,
give,
God,
gives,
try,
love,
God,
love,
Therefore,
confess,
sins,
each,
other,
pray,
each,
other,
may,
healed,
prayer,
John,
3:8,
-13,
Verses,
2day,
thought,
share,
Speaks,
who,
practice,
sinful,
lifestyle,
Ten,
movie,
scenes,
probably,
know,
shot,
via,
God,
all,
things,
possible,
Jesus,
wept,
John,
11:35,
GUNS,
ABCs,
AmmoReloadingKindleEdition,
2.99,
Amazon,
Messianic,
suffering,
death,
resurrection,
Jewish,
literature,
pre-dating,
Christ,
palin,
teaparty,
rush,
beck,
ocra,
KnowGod,
Don,
worry,
abt,
pleasing,
people,
God,
universe,
friend,
junglewarfare,
pray,
been,
praying,
meditating,
God,
purpose,
2011,
feel,
Jesus,
taking,
deeper,
inside,
huge,
heart,
UncoveringTheAncientGreekOrigins,
MixedMartialArts,
Pankration,
via,
ChoirLoftCrazy,
encounter,
spiritual,
weirdo,
baby,
Christian,
Time,
return,
AdventWreath,
prayer,
blessing,
included,
You,
song,
written,
hands,
God,
MarilynMonroeDC,
LilWayne,
NickiMinajSuckingMajorFace,
CheckOut,
YMCMB,
Lip-Lock,
NBAAll-StarGame,
FoodFeed,
FoodFeed,
lets,
archive,
eating,
habit,
share,
world.Have,
seen,
fellow,
tweets,
Indeed,
well-established,
softness,
MormonChurch,
responsible,
comfort,
ShoutoutToMyNewFollowers,
GODBLESSYOUTODAY,
OneNation,
UnderGod,
dad,
way,
emergency,
room,
prayer,
requests,
please,
think,
family,
God,
bless,
Just,
reading,
Psalm,
119,
Lord,
thank,
Word,
prayer,
may,
hearts,
around,
world,
changed,
today,
gospel,
psts,
preac,
AmericanTestamentBBookReview,
Faith,
Reason,
EvidenceSupporting,
ProphetJ.,
Revelation,
5:1,
talks,
sealed,
scroll,
Bible,
Poetry,
margin,
shows,
comes,
Daniel,
12:4,
ide,
Create,
clean,
heart,
OGod,
renew,
steadfast,
spirit,
within,
51:10,
Jesus,
bibleblast,
subscribed,
TheBestFunnyVids,
channel,
YouTube,
God,
refuge,
strength,
very,
present,
help,
trouble,
46:1,
Jesus,
bibleblast,
mother,
taught,
RELIGION,
You,
better,
pray,
will,
come,
out,
carpet,
Top,
Design,
Inspiration,
Resources,
designed,
something,
real,
cool,
lately,
pray,
family,
often,
God,
will,
protect,
give,
wisdom,
courage,
Don,
know,
it.Love,
Lord,
close,
brokenhearted,
saves,
who,
crushed,
spirit,
Psalm,
34:18,
via,
God,
says,
nothing,
hard,
means,
nothing,
WoodrowKroll,
GodForgottenUsMe,
feeling,
like,
God,
found,
hope,
Direct,
route,
rock,
bottom,
separation,
God,
www.thelindberghchildren.com,
Jesus,
Christ,
Bible,
BreakingNews,
TVJunkie,
TinaFey,
Host,
SNL,
God,
given,
spirit,
fear,
timidity,
power,
love,
self-discipline,
Timothy,
1:7,
NLT,
Just,
time,
Lord,
also,
prayed,
current,
President,
PresidentElect,
time,
exercise,
St.Paul,
killed,
Christians,
thought,
pleasing,
God,
WRONG,
repented,
DamascusRoad,
LastingLIFE,
theChurchTRIUMPHANT,
Acts1-8,
Memo,
Beyonce,
RequestDENIED,
Jesus,
central,
figure,
Revelation,
Revelation,
more,
symbols,
represent,
Christ,
than,
represent,
anything,
else,
parable,
Matthew,
20:1,
-16,
humor,
improbability,
receiving,
day,
wages,
hour,
work,
Bible,
Poetry,
margin,
LDSHymn,
Dew,
HeavenDistilling,
ThomasKelly,
lds,
mormon,
hymns,
Jesus,
Christ,
music,
God,
still,
business,
confounding,
wisdom,
power,
man,
Intense,
seminar,
Phoenix,
Arizona,
sensed,
God,
anointing,
God,
showing,
once,
again,
much,
depend,
grace,
LDSHymn,
GreatGod,
TheeMyEveningSong,
AnneSteele,
lds,
mormon,
hymns,
Jesus,
Christ,
music,
Seven,
days,
without,
prayer,
makes,
one,
weak,
LDSHymn,
SingWeNow,
Parting,
GeorgeManwaring,
lds,
mormon,
hymns,
Jesus,
Christ,
music,
You,
discover,
more,
person,
hour,
play,
than,
year,
conversation,
workmanship,
created,
ChristJesus,
good,
works,
God,
prepared,
beforehand,
walk,
Eph,
2:10,
CharlottePetExpo,
CabarrusArena,
5/8,
BlessedSacramentChurch,
6657,
SunsetBlvd.,
Hollywood,
pic,
LDSHymn,
ThySpirit,
Lord,
StirredOurSouls,
FrankI.Kooyman,
lds,
mormon,
hymns,
Jesus,
Christ,
music,
prayer,
before,
Gat,
watching,
everyone,
Time,
build,
better,
generation,
just,
raise,
yourself,
right,
inspire,
others,
safe,
work,
hard,
God,
bless,
God,
will,
able,
overthrow,
might,
even,
found,
opposing,
God,
Acts,
5:39,
Breath,
OHolySpirit,
thoughts,
may,
all,
holy,
Act,
OHolySpirit,
work,
may,
PermanentThreat,
ReligiousFreedom,
religion,
religiousfreedom,
gay,
marriage,
FeaturedPost,
Unique,
travel,
ideas,
2012,
favourite,
travel,
tips,
reminded,
great,
Gen.Patton,
quote,
thank,
God,
such,
men,
lived,
Indeed,
thank,
God,
men,
families,
Today,
32nd,
birthday,
heading,
church,
service,
celebrate,
Lord,
SaviorJesusChrist,
important,
know,
HAPPYBIRTHDAYJOHN,
70th,
birthday,
CentralPark,
full,
report,
pics,
video,
LDSHymn,
Lord,
DismissUs,
ThyBlessing,
JohnFawcett,
lds,
mormon,
hymns,
Jesus,
Christ,
music,
prayers,
Pastor,
God,
will,
grant,
strength,
works,
favorAintFair,
6.50,
DVD,
set,
OldTestamentVisualResourcesDVDs,
contactins,
videos,
more,
than,
300,
visual,
HappyIndependenceDay,
all,
GODBlessAmerica,
New,
blog,
post,
Fire,
divine,
retribution,
says,
minister,
truth,
God,
providence,
meant,
assure,
believers,
ultimately,
times,
God,
hands,
Horton,
who,
trims,
himself,
suit,
everyone,
will,
soon,
whittle,
himself,
away,
RaymondHull,
LDSHymn,
GodSpeed,
Right,
WilliamE.Hickson,
lds,
mormon,
hymns,
Jesus,
Christ,
music,
healed,
back,
heals,
today,
Heb,
13:8,
JesusChrist,
same,
yesterday,
today,
forever,
EternalSpirit,
Earth-maker,
Pain-bearer,
Life-giver,
Source,
all,
shall,
cont,
Laziness,
casts,
one,
into,
deep,
sleep,
idle,
person,
will,
suffer,
hunger,
Proverbs,
19:15,
LightOfTheGloriousGospelOfChristPassage,
results,
Corinthians,
4:3,
KingJamesVersion,
GodBlessAmerica,
ALL,
who,
risk,
lives,
keep,
country,
SAFE,
FREE,
SOUL,
spirit,
being,
God,
image,
Every,
soul,
child,
God,
adotsom,
Like,
LDSHymn,
Partaken,
ThyLove,
MableJonesGabbott,
lds,
mormon,
hymns,
Jesus,
Christ,
music,
Used,
question,
Moog,
Prophet,
mini-moog,
coveted,
friends,
Prophet,
AmericanTestamentBIs,
Book,
MormonRacist,
Book,
Mormon,
scholar,
Joh,
WatchingRedCliff,
God,
work,
around,
failures,
plans,
purposes,
God,
thwarted,
LDSHymn,
OSay,
Truth,
JohnJaques,
lds,
mormon,
hymns,
Jesus,
Christ,
music,
couldn,
continue,
day,
without,
thanking,
Lord,
savior,
JesusChrist,
WithoutGodI,
woman,
next,
book,
concept,
kind,
rough,
time,
God,
helped,
through,
Tell,
story,
God,
grace,
guidance,
LilWayne,
NickiMinajSuckMajorFace,
CheckOutThe,
YMCMB,
Kissing,
NBAAll-StarGame,
LDSHymn,
MarchingOn,
Glory,
JohnM.Chamberlain,
lds,
mormon,
hymns,
Jesus,
Christ,
music,
will,
see,
end,
shall,
very,
froward,
generation,
children,
whom,
faith,
RightSideNewsGenesis,
ShiIslam,
Mahdi,
expected,
appear,
save,
world,
breaking,
sworn,
upon,
altar,
GOD,
eternal,
hostility,
against,
every,
form,
tyranny,
over,
mind,
man,
Christians,
being,
entertained,
very,
things,
nailed,
Jesus,
cross,
Step,
back,
take,
GoodFriday,
Thank,
LordJesus,
Truly,
Son,
God,
without,
faith,
impossible,
please,
God,
because,
anyone,
who,
comes,
believe,
exist,
MakingJesusFamous,
MommaDidnRaiseNoFool,
Most,
Revelation,
secret,
symbols,
interpreted,
OldTestament,
Bible,
Poetry,
margin,
will,
show,
meeting,
AaronTippin,
PatriotLightStaff,
2010-2020-LEARNING,
HOWTORESTSPIRITUALLY,
One,
signs,
imminent,
failure,
belief,
all,
depends,
Harold-Matt,
11:28,
Brothers,
someone,
caught,
sin,
who,
spiritual,
restore,
gently,
God,
comes,
hungry,
form,
food.Send,
quote,
friendMahatma,
Gandhi,
Mark,
9:23,
NLT,
What,
mean,
Jesus,
asked,
Anything,
possible,
person,
believes,
Jul,
1957,
NikitaKhrushchev,
takes,
control,
SovietUnion,
ColdWar,
all,
interested,
thoughts,
Christian,
Then,
Job,
answered,
LORD,
said,
know,
all,
things,
purpose,
thwarted,
Job,
42:1,
fear,
plugged,
soon,
churches,
will,
put,
strength,
sanctuary,
coverage,
sign,
beside,
service,
times,
AsChristiansGod,
only,
one,
who,
represents,
world,
face,
trials,
don,
worry,
God,
overcome,
world,
tcot,
hcr,
all,
inclusive,
believer,
big,
tent,
think,
anyone,
trusting,
Jesus,
will,
saved,
enough,
Christian,
NATIONOFGOD,
firm,
reliance,
protection,
divine,
providence,
mutually,
pledge,
each,
other,
lives,
fortunes,
sacred,
honor,
LDSHymn,
Glory,
God,
High,
JamesAllen,
lds,
mormon,
hymns,
Jesus,
Christ,
FoodNetwork,
proclaims,
FrankPepe,
best,
pizza,
CT.,
Surprised,
LDSHymn,
OLittleTown,
Bethlehem,
PhillipsBrooks,
lds,
mormon,
hymns,
Jesus,
Christ,
music,
history,
heavens,
earth,
created,
day,
LordGod,
made,
earth,
heavens,
Gen,
2:4,
mosque,
wtc,
islam,
new,
website,
open,
Please,
come,
check,
out,
MessageFromGodWhenYouDoubtingHisLove,
Who,
needs,
hear,
prefer,
idiot,
Islam,
Signed,
Christian,
Doubling,
prayers,
all,
family,
AmericanTestamentBThreeTypes,
Book,
MormonEvidence,
Circumstantial,
been,
posti,
shooter,
allah,
now,
needs,
prayer,
didn,
take,
long,
deny,
Jesus,
know,
God,
Jesus,
called,
stumbling,
stone,
rock,
offence,
Christian,
radio,
play,
crappiest,
Christian,
music,
find,
thought,
like,
LDSHymn,
AllCreatures,
God,
King,
words,
Francis,
Assisi,
lds,
mormon,
hymns,
Jesus,
Christ,
AtheistsHaveMorals,
Watching,
honeymooners,
marathon,
Jackie,
gleason,
timeless,
AmericanTestamentBHebrewNames,
Book,
Mormon,
past,
Listening,
funk,
balancing,
project,
spend,
plans,
Good,
judgment,
comes,
experience,
often,
experience,
comes,
bad,
judgment.Rita,
MaeBrown,
Peter,
apostles,
answered,
obey,
God,
rather,
than,
men,
Acts,
5:29,
worrying,
something,
that,
saying,
bigger,
than,
God,
God,
handle,
who,
Keep,
tellin,
mountain,
Jesus,
Lord,
New,
blog,
post,
GodBlessAmerica,
AmericanTestamentBTop,
ArgumentsEvangelicalAnti-MormonsCanUseAgains,
Completely,
church,
denomination,
believes,
something,
contrary,
KJV,
look,
another,
make,
one,
one,
ever,
great,
without,
some,
portion,
divine,
inspiration,
Cicero,
Risen,
celebrating,
Resurrection,
JesusChrist,
today,
Easter,
EasterMatters,
LDSHymn,
TisSweetToSing,
MatchlessLove,
GeorgeW.Manwaring,
lds,
mormon,
hymns,
Jesus,
Christ,
music,
redemption,
through,
blood,
forgiveness,
sins,
accordance,
riches,
God,
MyNameisBillMaher,
give,
atheists,
bad,
name,
God,
bless,
you.just,
God,
bless,
tweet,
devotional,
subject,
COMPASSION,
next,
Jesus,
bibleblast,
Jesus,
hugged,
children,
placed,
hands,
fervently,
blessed,
Mark,
10:16,
please,
retweet,
Prayer,
merely,
occasional,
impulse,
respond,
trouble,
prayer,
life,
attitude,
want,
pray,
effectively,
Luther,
advised,
use,
Bible,
beware,
devil,
make,
plan,
andapply,
bit,
discipline,
Snacks,
Plane,
boringmovies,
God,
bless,
fighting,
freedom,
God,
also,
protect,
prayer,
Wearing,
black,
arm,
band,
who,
died,
Learn,
obey,
before,
command,
Solon,
SaulAlinsky,
who,
dedicated,
book,
Rules,
Radicals,
Lucifer,
far,
more,
powerful,
know,
influences,
most,
every,
day,
rock,
Check,
out,
website,
gr8,
wine,
pairing,
recipes,
thanks,
chef,
book,
sermon,
speech,
contrary,
Bible,
says,
don,
believe,
seriously,
say,
person,
knows,
more,
than,
God,
shall,
say,
response,
God,
who,
against,
also,
ask,
prayer,
who,
may,
read,
husband,
who,
Iraq,
Penn,
Sheen,
dumb,
dumber,
DatingSiteForGayMenEntersSuperBowlAdFrayVIDEO,
superbowl,
nfl,
socialmedia,
God,
yet,
man,
freedom,
yet,
GlennBeck,
restoringhonor,
rally,
reading,
ObviousAdams,
copyright,
1916,
pastor,
teaching,
Resurrection,
need,
die,
order,
live,
LDSHymn,
Come,
unto,
TheodoreE.Curtis,
lds,
mormon,
hymns,
Jesus,
Christ,
music,
W/Allah,
men,
may,
get,
virgins,
heaven,
W/Christ,
Gal,
3:28,
male,
nor,
female,
religion,
sounds,
man-made,
Everett,
bikers,
paradise,
afternoon,
SkyValleyAntique,
ClassicMotorcycleShow,
Capricorn,
You,
find,
fulfillment,
organizing,
game,
plan,
following,
through,
satisfied,
peace,
come,
know,
though,
heart,
flesh,
may,
fail,
Jesus,
Tworship,
HolyWeek,
Jesus,
said,
will,
all,
days,
end,
age,
Matthew,
28:20,
please,
retweet,
commented,
eHow,
article,
How,
pray,
USA,
Seeing,
Bible,
verses,
isn,
same,
reading,
correct,
verses,
Again,
RATIONALIZING,
shall,
say,
response,
things,
God,
who,
against,
Romans,
8:31,
NIV,
said,
China,
mostly,
Buddhist,
well,
percent,
Amerians,
Christian,
MOST,
friend,
wife,
life,
changing,
experience,
God,
bless,
all,
Php,
2:5,
mind,
also,
ChristJesus,
OneMan,
nobody,
salvation,
rests,
upon,
except,
Jesus,
gives,
profits,
charity,
UnlessMoore,
giving,
tickets,
away,
movie,
HEISAHYPOCRIT,
Back,
church,
Awesome,
service,
PraiseGod,
Avatar,
OfficialMusicVideo,
thank,
GODI,
south,
definitely,
God,
country,
Pray,
till,
prayer,
makes,
forget,
own,
wish,
leave,
merge,
God,
will,
FrederickW.Robertson,
BlessedSunday,
GodBless,
don,
know,
much,
know,
things,
certain,
God,
SovereignGod,
throne,
unshakable,
God,
Thats,
one,
photo/story,
captures,
humanity,
man,
comforts,
child,
tcot,
tlot,
Bless,
troops,
all,
children,
God,
interested,
protecting,
environment,
Revelation,
11:18,
says,
destroy,
who,
destroying,
earth,
Bible,
Poetry,
Whoever,
ear,
listen,
Spirit,
tells,
churches,
Revelation,
2:7,
Bible,
Poetry,
TONIGHTSEVENTWITHWakaFlockaHasBeenCANCELLEDWeApologizePlease,
Cancelled,
Christians,
who,
trust,
benevolent,
all-knowing,
Father,
wait,
patiently,
God,
reveal,
Himself,
reveal,
Himself,
Word,
God,
says,
The,
truth,
shall,
set,
free,
Lie,
God,
somehow,
nothing,
freedom,
causes,
happen,
Found,
book,
blog,
great,
book,
personal,
leadership,
Thank,
following,
JesusChrist,
God,
bless,
give,
peace,
LDSHymn,
AgainWeMeet,
around,
Board,
ElizaR.Snow,
lds,
mormon,
hymns,
Jesus,
Christ,
music,
thank,
God,
day,
Jesus,
rose,
dead,
rose,
along,
Thank,
Jesus,
Una,
nuova,
gran,
cantante,
dalla,
Clerici,
canta,
come,
WithneyHouston,
Nome,
Proverbs,
18:2,
The,
foolish,
person,
finds,
pleasure,
understanding,
delights,
airing,
own,
opinions,
such,
HolySpirit,
led,
message,
filled,
grace,
fresh,
fruit,
clean,
under,
garments,
YeahGod,
Fan,
MatchGame,
Check,
out,
MatchGameMemories,
DickDeBartolo,
right,
now,
Dick,
wrote,
famous,
questions,
FoxBusiness,
9:45,
today,
discuss,
SuperBowl,
ads,
Varney,
Co.,
Don,
miss,
God,
able,
far,
more,
than,
ever,
dare,
ask,
even,
dream,
infinitely,
beyond,
highest,
prayers,
desires,
thoughts,
hopes,
time,
put,
hope,
Jesus,
church,
leaders,
LIFEISSOOOSHORT,
Please,
give,
love,
family,
true,
servant,
JESUSCHRIST,
incredible,
example,
all,
heartily,
agree,
place,
God,
center,
lives,
nation,
confess,
sins,
faithful,
just,
will,
forgive,
sins,
purify,
all,
unrighte,
get,
overseas,
places,
like,
Canada,
BritneySpears,
maybe,
post,
some,
bellydancing,
instructional,
videos,
lol,
SweetDreams,
SweetFollows,
MayGod,
bless,
all,
SupportOurTroops,
SupportOurVets,
FirstResponders,
Watching,
black,
intellectuals,
discuss,
racism,
Particularly,
woman,
just,
spews,
self-pity,
all,
seem,
angry,
even,
tho,
suceeded,
KTVD,
ProphetMohammadsStupidities,
Hadith,
tcot,
ktvd,
AmericanTestamentBAreAllEvangelicalCriticsAnti-Mormons,
communi,
Got,
preach,
Joshua,
today,
causes,
tremble,
fear,
preach,
GodsWord,
luv,
privlege,
doing,
it.thx,
Jesus,
unusual,
anointing,
just,
now,
PleaseDM,
prayer,
requests,
TonyBennett,
left,
brain,
SanFrancisco,
great,
source,
writing,
tips,
sealed,
scroll,
Revelation,
5:1,
probably,
sealed,
scroll,
Daniel,
12:4,
becomes,
unsealed,
stages,
Revelation,
All,
beautiful,
things,
life,
seen,
nor,
touched,
felt,
heart,
MarilynMonroeDC,
LDSHymn,
AsNowWeTake,
Sacrament,
LeeTomPerry,
lds,
mormon,
hymns,
Jesus,
Christ,
music,
BestSightL.A.,
PacificCoastHighway,
TastingWine,
LocalVineyard,
LDSHymn,
Great,
Wisdom,
Love,
ElizaR.Snow,
lds,
mormon,
hymns,
Jesus,
Christ,
music,
faith,
Abraham,
obeyed,
God,
called,
leave,
home,
another,
land,
God,
give,
Phone,
lines,
now,
open,
Tune,
call,
1-877-927-5548,
play,
win,
BlessAlmightyGod,
Son,
MajorAlmightyKingJesus,
Messiah,
TeamJesus,
FoodPackageClaimsThatDeserve,
DoubleTake,
pray,
Spirit,
all,
occasions,
all,
kinds,
prayers,
requests,
mind,
alert,
largely,
focusing,
energies,
now,
GenerationAwakening,
awakening,
revival,
God,
Through,
prayer,
petition,
joyful,
gratitude,
make,
requests,
known,
God,
Philippians,
4:6,
please,
follow,
pray,
AlmightyGOD,
Antichrist,
Deleted,
Defeated,
forevermore,
Amen,
Jesus,
God,
Brands,
DarkSide,
SocialMedia,
smm,
LDSHymn,
Witnessed,
MorningSky,
G.WilliamRichards,
lds,
mormon,
hymns,
Jesus,
Christ,
atheist,
man,
who,
invisible,
means,
support,
God,
given,
Life,
message,
share,
please,
retweet,
just,
gave,
Props,
HillCountryBibleChurch,
attitude,
gratitude,
creates,
blessings,
Help,
yourself,
helping,
others,
most,
powerful,
weapons,
earth,
love,
prayer,
avatar,
makes,
billion,
seriously,
Great,
review,
LaurelDeweyREVELATIONS,
just,
sale,
REVELATIONS,
LDSHymn,
Witnessed,
Heavens,
JohnS.Davis,
lds,
mormon,
hymns,
Jesus,
Christ,
LDSHymn,
Come,
ComeYeSaintsMenChoir,
WilliamClayton,
lds,
mormon,
hymns,
Jesus,
Christ,
music,
always,
amazed,
atheists,
care,
believe,
God,
isn,
God,
makes,
difference,
I/we,
believe,
ashamed,
gospel,
power,
God,
salvation,
everyone,
who,
believes,
Rom1,
.16,
ESV,
NewPost,
Confession,
GeneralConferenceWasDifficult,
mormon,
Also,
think,
being,
good,
Christian,
just,
being,
side,
truth,
world,
know,
Christianity,
don,
satan,
any,
favors,
AcceptJesus,
TomPetty,
best,
half,
time,
show,
SuperBowl,
years,
great,
love,
Father,
lavished,
called,
children,
God,
History,
records,
life,
Jesus,
good,
point,
atheist,
only,
god,
willing,
judgment,
all,
asses,
ShareYourFaith,
Tell,
others,
Jesus,
please,
JungleWarfare,
Stay,
alive,
don,
want,
live,
homogenized,
society,
want,
live,
society,
allows,
cream,
rise,
RobertFrost,
Exodus,
3:14,
God,
says,
John,
8:58,
Jesus,
says,
Before,
Abraham,
reference,
Himself,
Water,
into,
wine,
unimpress,
just,
turned,
student,
loan,
into,
bourbon,
black,
white,
cookies,
move,
Jesus,
think,
SherriShepherdCheated,
DWTS,
Get,
details,
amp,
take,
poll,
follow,
God,
bless,
favorited,
YouTube,
video,
Swashbuckler,
MormonAd,
Peter,
3:13,
eyes,
Lord,
righteous,
ears,
attentive,
prayer,
LDSHymn,
HearThouOurHymn,
OLord,
FrankW.Asper,
lds,
mormon,
hymns,
Jesus,
Christ,
music,
please,
great,
competition,
filmakers,
break,
into,
commercial,
sector,
techinstyle.tv,
visibly-smart,
intentionally,
bless,
encourage,
others,
God,
will,
continually,
pour,
out,
blessings,
life,
Join,
online,
small,
groups,
studying,
Bible,
prophesy,
check,
out,
GodBlessAmerica,
GodBless,
who,
fighting,
fought,
all,
freedoms,
hold,
dear,
twist,
Turn,
Bible,
atheist,
get,
free,
porn,
Bible,
will,
keep,
sin,
sin,
will,
keep,
Bible,
D.L.Moody,
Blessings,
God,
carry,
responsibilities,
others,
CarolynCustisJames,
Israel,
center,
Earth,
always,
comes,
back,
bother,
trying,
deny,
God,
personal,
land,
God,
against,
people,
having,
money,
God,
against,
money,
having,
people,
J.Prince,
quote,
wisdom,
Jesus,
Jesustweeters,
TeamJesus,
Father,
heaven,
May,
name,
kept,
holy,
Matthew,
6:9,
please,
retweet,
Watching,
ColbertReport,
Need,
laugh,
Still,
working,
God,
all,
things,
possible,
might,
God,
today,
Praising,
Lord,
all,
Prayers,
still,
being,
answered,
Rom1,
:16,
ashamed,
GOSPEL,
Christ,
ISTHEPOWER,
God,
salvation,
everyone,
believing,
ect,
automated,
PrayerRequestBox,
available,
24/7,
Take,
look,
simple,
easy,
TeamJesus,
will,
result,
salvation,
through,
prayer,
Philippians,
1:19,
please,
follow,
LDSHymn,
SingPraise,
JohannJ.Schutz,
lds,
mormon,
hymns,
Jesus,
Christ,
Confucius,
ReligiousFreedom,
China,
secular,
windbag,
bad,
cause,
Bible,
verse,
day,
Peter,
2:24,
-25,
ESVHe,
himself,
bore,
sins,
body,
tree,
might,
die,
relationship,
like,
journey,
Life,
itself,
Every,
glitch,
hitch,
only,
makes,
stronger,
more,
resilient.May,
love,
last,
forever,
HappyEaster,
all,
GodBlessYou,
GodBlessAmerica,
PraisingGod,
HIS,
faithfulness,
faithfulness,
because,
INHIM,
Gallup,
Americans,
believe,
God,
Spirit,
himself,
testifies,
spirit,
God,
children,
Need,
resources,
GodALWAYS,
provides,
prove,
www.ChristianHelpToday.com,
LDSHymn,
Love,
Home,
JohnHughMcNaughton,
lds,
mormon,
hymns,
Jesus,
Christ,
music,
one,
word,
answer,
all,
problems,
Jesus,
God,
humbly,
pray,
heal,
many,
infirmities,
souls,
wounds,
pain,
ills,
afflicting,
bodies,
pray,
ChristName.Amen,
once,
explained,
come,
quickly,
reference,
Jesus,
quote,
scripture,
Maybe,
all,
saw,
wasBS,
world,
searches,
purpose,
life,
avoids,
one,
who,
knows,
Jesus,
because,
afraid,
condemnation,
loves,
condemns,
assume,
speak,
Judeo-Christian,
scripture,
usu,
capitalized,
distinguish,
other,
uses,
bible,
pray,
God,
raises,
leader,
Nation,
after,
own,
heart,
ReadActs,
13:22,
tcot,
think,
MuslimPubSvcNetwork,
seeking,
Muslim,
recruits,
17th,
AnnualSummerFellowshipProgram,
Wash,
D.C.,
LDSHymn,
KnowThatMyRedeemerLives,
SamuelMedley,
lds,
mormon,
hymns,
Jesus,
Christ,
music,
Matthew,
:15,
But,
forgive,
men,
trepasses,
will,
Father,
forgive,
trespasses,
Take,
God,
nature,
forgive,
thing,
burning,
Bibles,
eventually,
BibleAuthor,
will,
return,
favor,
Just,
thought,
know,
Almost,
all,
Revelation,
strange,
symbols,
interpreted,
OldTestament,
time,
warriors,
arise,
Spirit,
God,
calling,
forth,
champions,
Now,
time,
LDS,
hymn,
Beauty,
Earth,
FolliottS.Pierpoint,
lds,
mormon,
hymns,
Jesus,
Christ,
John,
4:19,
love,
because,
first,
loved,
God,
Jesus,
Bible,
Scripture,
Faith,
seen,
burden,
God,
laid,
men,
LDSHymn,
Jehovah,
Lord,
Heaven,
Earth,
Anon,
lds,
mormon,
hymns,
Jesus,
Christ,
music,
Fun,
signing,
MormonMishaps,
today,
sold,
store,
copies,
plus,
many,
own,
Thanks,
all,
who,
came,
awesome,
CoolAyersRockResortHotel,
images,
Thx,
God,
Who,
Christ,
always,
leads,
triumphAs,
trophy,
Christs,
victory,
thru,
spreads,
makes,
evident,
fragrance,
God,
DearbornPoliceBarChristianGroup,
PublicStreetNearMosque,
video,
sharia,
jihad,
news,
subscribed,
gregdeancomedy,
channel,
YouTube,
Wreath-laying,
ceremony,
USNavyMemorial,
Washington,
mark,
years,
WashingtonPost,
RoadhouseBikerChurch,
SanBernardino,
place,
Jesus,
loves,
bikers,
Sad,
day,
Knew,
something,
gon,
happen,
ReportCanadian,
actor,
LeslieNielsen,
dead,
JackLayton,
body,
heads,
home,
Toronto,
via,
best,
gun,
prog,
will,
discuss,
gun,
teenage,
boys,
pants,
Christian,
Jesus,
Bible,
Faith,
prolife,
God,
Jesus,
went,
out,
conqueror,
Revelation,
5:2,
Bible,
Poetry,
Retweet,
Asking,
prayers,
prepare,
present,
devotional,
Awana,
tomorrow,
FTP,
HCFM,
Hail,
King,
alone,
compassionate,
errors,
GospelVerse,
HolyWednesday,
Good,
without,
God,
nothing,
good,
God,
FranklinGraham,
preach,
Gospel,
Jesus,
Haiti,
Pray,
hearts,
listening,
WatchLIVE,
Missions,
ultimate,
goal,
church,
Worship,
Missions,
exists,
because,
worship,
doesn,
quote,
good,
wait,
quietly,
salvation,
LORD,
quiet,
Sill,
know,
God,
OrlandoFL,
ThurBikeNight,
Hooter,
WaterfordLakes,
across,
OrlandoHDEast,
Ride,
out,
some,
motorcycle,
fun,
games,
cease,
worship,
God,
worship,
nothing,
worship,
anything,
grove,
seeinmg,
harry,
pota,
God,
blessings,
immeasurable,
LordPrayer,
recited,
football,
game,
religiousfreedom,
tcot,
MostInterestingDailyJournaler,
World,
daily,
writings,
make,
NewYorkTimes,
best,
selling,
list,
every,
month,
prayers,
peace,
PraisingGod,
ReigningGrace,
sincere,
condolences,
upon,
loss,
mother,
Pls,
join,
letting,
know,
thoughts,
prayers,
TCOT,
The,
song,
righteous,
prayer,
unto,
shall,
answered,
blessing,
upon,
heads,
D&C,
25:12,
lds,
mormon,
hymns,
GodBlessPatriots,
Thx,
each,
own,
doesn,
seem,
odd,
atheists,
starting,
prostheletize,
God,
position,
LDSHymn,
AsSisters,
ZionWomen,
EmilyH.Woodmansee,
lds,
mormon,
hymns,
Jesus,
Christ,
music,
GodBless,
veterans,
all,
who,
support,
Just,
saw,
Adjustment,
Bureau,
seemed,
like,
atheist,
idea,
like,
God,
existed,
perspective,
GodBlessMichelleMalkin,
wrath,
God,
revealed,
Heaven,
against,
all,
ungodliness,
unrighteousness,
men,
who,
unrighteousness,
suppress,
truth,
Prayer,
bumper,
sticker,
dude,
Psalm,
109:8,
Let,
days,
few,
another,
take,
office,
God,
bless,
SHALOM,
complete,
wholeness,
EVERYWAY,
ashamed,
gospel,
because,
power,
God,
salvation,
everyone,
who,
believes,
Women,
first,
encounter,
risen,
Jesus,
EasterMorning,
tcot,
Join,
next,
few,
weeks,
saying,
Lenten,
prolife,
prayer,
faith,
Father,
into,
Thy,
hands,
commit,
spirit,
LastSayings,
Jesus,
Cross-Part,
AmazingRace,
starts,
tonight,
Devil,
know,
look,
beautiful,
Angel,
MarilynMonroeDC,
Christ,
who,
many,
form,
one,
body,
each,
member,
belongs,
all,
others,
Check,
video,
out,
JGeilsBandDTEPineKnob,
8/21/2010,
DetroitBreakdown,
via,
Detroit,
last,
August,
Some,
people,
only,
say,
fall,
love,
once,
every,
time,
voice,
fall,
love,
all,
over,
again,
MarilynMonroeDC,
know,
mean,
doesn,
judgment,
belong,
God,
mere,
imperfect,
human,
beings,
wth,
all,
bias,
imperfections,
LDSHymn,
Zion,
BeautyRise,
EdwardPartridge,
lds,
mormon,
hymns,
Jesus,
Christ,
JimMarshall,
Guitar-AmpPioneer,
Dies,
via,
wants,
read,
AmericaProphet,
Moses,
Spirit,
Natio,
BruceFeiler,
right,
object,
faith,
God,
proved,
repeatedly,
following,
most,
reasonable,
course,
Motorcycle,
riders,
any,
bikers,
events,
promote,
fell,
free,
post,
Jesus,
said,
Take,
cross,
follow,
John,
NewPost,
makes,
who,
mormon,
save,
country,
being,
stolen,
government,
Cry,
out,
God,
through,
Jesus,
Ask,
wisdom,
guidance,
peacemakers,
warmongers,
may,
clear,
truth,
stern,
love,
lead,
harmony,
NZLiturgy,
Muslims,
think,
superior,
all,
others,
God,
created,
Its,
sad,
fact,
believe,
falsehood,
Qur,
really,
contain,
verses,
promoting,
violence,
BELIEVEIT,
don,
develop,
courage,
being,
happy,
relationships,
everyday,
Epicurus,
athiest,
chooses,
believe,
death,
after,
life,
Christ,
follower,
chooses,
believe,
life,
after,
death,
Both,
get,
1st,
choice,
protesting,
anything,
just,
saying,
opening,
church,
radicals,
religion,
killed,
people,
Rihanna,
thrills,
Birmingham-JeffersonConventionComplexArena,
storm,
relief,
video,
slideshow,
al.com,
absolutely,
part,
culture,
Poor,
kid,
going,
work,
+40,
hrs,
week,
soon,
enough,
enjoy,
youth,
Good,
night,
beloved,
freedom,
fighters,
MayGod,
smile,
May,
journey,
today,
lead,
success,
GodISGood,
iranelection,
LDSHymn,
Christ,
Lord,
RisenToday,
CharlesWesley,
lds,
mormon,
hymns,
Jesus,
Christ,
music,
Local,
magic,
LasVegasKidChrisRandallLasVegasSun,
ChrisRandall,
shuffles,
deck,
play,
loyal,
God,
God,
only,
many,
worship,
altar,
abort,
global,
warmin,
day,
everyone,
will,
bow,
knee,
confess,
Jesus,
Lord,
now,
b42,
late,
YouTube-When,
SoldierComesHome-Sleep,
well,
God,
bless,
you,
prayers,
One,
DISABLEDVETSGodBlessYOU,
continue,
kill,
innocent,
human,
babies,
receive,
judgment,
God,
ProLife,
tcot,
FatherMarcelGuarnizo,
OnlyThing,
FaithfulCatholicPriestCouldDo,
